instance,cohort,conclusion,final_primal,final_dual,normalized_gap,v36_primal,primal_gain,copt10h_dual,dual_gain,first_finite,validation_grade,dual_validation_grade,evidence,notes,source_model_sha256,selected_solution_sha256,instance_evidence_url,v36_source_line,copt_source_line,primal_improvement,dual_improvement,primal_comparison,dual_comparison,evidence_grade,primal_display,dual_display
a2864-99blp,original112,optimal,-257,-257,0,-257,0,-282.960474,25.960474,False,Historical evidence grade; see instance report,-257 published theorem,"Optimal, exact geometry crosswalk + published theorem; theorem computation not replayed locally",,,,https://github.com/Huangyc98/MIPLIB_openproblem/blob/organize/complete-results-20260921/instances/a2864-99blp/README.md,=best=     a2864-99blp                              -257,0 | 36000.0 1 stop ok 864e799 | -84 -282.960474 70.3 | a2864-99blp,False,True,No difference above 1e-7,Improved,LT,-257,-257
allcolor58,original112,optimal,42,42,0,258.0,216,42,0,False,Historical evidence grade; see instance report,42,"Optimal, exact parity certificate and validated witness",,,,https://github.com/Huangyc98/MIPLIB_openproblem/blob/organize/complete-results-20260921/instances/allcolor58/README.md,=best=     allcolor58                               258.0,1 | 36000.0 299645 stop ok 56c81ac0 | 6695 42 99.4 | allcolor58,True,False,Attributed improvement,No difference above 1e-7,PE,42,42
assign1-10-4,original112,optimal,422,422,0,422,0,377.444386,44.555614,False,Historical evidence grade; see instance report,422,"Optimal, exact certificate",,,,https://github.com/Huangyc98/MIPLIB_openproblem/blob/organize/complete-results-20260921/instances/assign1-10-4/README.md,=best=     assign1-10-4                             422,2 | 36000.0 18084150 stop ok 53719928 | 423 377.444386 10.8 | assign1-10-4,False,True,No difference above 1e-7,Improved,PE,422,422
bab3,original112,open,-656214.9542,,,-656214.9542,0,-657093.783,,False,Historical evidence grade; see instance report,no new bound,Exact fixed-unassigned 224-block categorical neighborhood closed; global optimum open,,,,https://github.com/Huangyc98/MIPLIB_openproblem/blob/organize/complete-results-20260921/instances/bab3/README.md,=best=     bab3                                     -656214.9542,3 | 36000.0 199128 stop ok d535bff7 | -655588.732 -657093.783 0.2290 | bab3,False,False,No difference above 1e-7,No final dual archived,,-656214.9542,no new bound
bharat,parallel10_20260928,open,4012280.088217262,3850713.469655116,0.0402680308975970191717897527847509071332009782,4039608.50665507,27328.418437808,3783727.85,66985.619655116,False,Historical evidence grade; see instance report,Accepted global solver or structural bound,Five substantive primal improvements and two optima. Sutlej strict optimum -1048730.8; numerical-tolerance incumbent separate. Vouga large-M tolerance artifact excluded.,,,,https://github.com/Huangyc98/MIPLIB_openproblem/blob/organize/complete-results-20260921/instances/bharat/README.md,=best=     bharat                                   4039608.50665507,4 | 36000.0 1 stop better 98a77ad3 | 4053361.39 3783727.85 6.7 | bharat,True,True,Attributed improvement,Improved,,4012280.088217262,3850713.469655116
bley_xs1,original112,open,3855895.86,3532608.74061,0.0838422849391995768267455231532108857317531392,3855895.859999982,-1.8E-8,3696540.8,-163932.05939,False,Historical evidence grade; see instance report,"3,532,608.740610",Feasible; global optimum open,,,,https://github.com/Huangyc98/MIPLIB_openproblem/blob/organize/complete-results-20260921/instances/bley_xs1/README.md,=best=     bley_xs1                                 3855895.859999982,5 | 36000.0 1164539 stop better 1b9036bf | 3861891.18 3696540.8 4.3 | bley_xs1,False,False,No difference above 1e-7,Below historical COPT bound,,3855895.86,3532608.74061
bley_xs1noM,original112,open,3855895.86,3344924.0428,0.132517016992258706903977432627031581708744592,3873690.77,17794.91,3713869.16,-368945.1172,False,Historical evidence grade; see instance report,"3,344,924.0428 (solver, 720 s)",Equivalent Big-M strengthening improves same-budget numerical bound by 554.6058; global optimum open,,,,https://github.com/Huangyc98/MIPLIB_openproblem/blob/organize/complete-results-20260921/instances/bley_xs1noM/README.md,=best=     bley_xs1noM                              3873690.77,6 | 36000.0 1125595 stop ok bd3cb370 | 3893628.31 3713869.16 4.6 | bley_xs1noM,True,False,Attributed improvement,Below historical COPT bound,,3855895.86,3344924.0428
bmocbd3,parallel10_20260928,open,-373587239.24169505,-373603474.459638,0.0000434557466748183597186782015191491201448018032,-373568021.469342,19217.77235305,-373603745,270.540362,False,Historical evidence grade; see instance report,Accepted global solver or structural bound,Five substantive primal improvements and two optima. Sutlej strict optimum -1048730.8; numerical-tolerance incumbent separate. Vouga large-M tolerance artifact excluded.,,,,https://github.com/Huangyc98/MIPLIB_openproblem/blob/organize/complete-results-20260921/instances/bmocbd3/README.md,=best=     bmocbd3                                  -373568021.469342,7 | 36000.0 312251 stop ok 670b2af2 | -303488364 -373603745 18.8 | bmocbd3,True,True,Attributed improvement,Improved,,-373587239.24169505,-373603474.459638
bppc6-06,original112,optimal,208,208,0,208,0,201,7,False,Historical evidence grade; see instance report,208,"Optimal, tight-profile CNF/LRAT certificate and exact witness",,,,https://github.com/Huangyc98/MIPLIB_openproblem/blob/organize/complete-results-20260921/instances/bppc6-06/README.md,=best=     bppc6-06                                 208,8 | 36000.0 14286584 stop ok 4be20b9f | 212 201 5.2 | bppc6-06,False,True,No difference above 1e-7,Improved,HP,208,208
cdc7-4-3-2,original112,open,-307,-381,0.194225721784776902887139107611548556430446194,-307.0,0,-381,0,False,Historical evidence grade; see instance report,-381,Feasible; all exchanges through 4→5 ruled out,,,,https://github.com/Huangyc98/MIPLIB_openproblem/blob/organize/complete-results-20260921/instances/cdc7-4-3-2/README.md,=best=     cdc7-4-3-2                               -307.0,9 | 36000.0 4192 stop ok 56e63e06 | -270 -381 29.1 | cdc7-4-3-2,False,False,No difference above 1e-7,No difference above 1e-7,,-307,-381
cdma,subsequent20,open,-24778478399999989.9324,-27006692630251240,0.0825060017810304252613895104695509136614197112,-2.48e+16,-21521600000010.0676,,,False,Historical evidence grade; see instance report,dual skill Gurobi,historically accepted numerical witness; not uniformly revalidated; public-pattern repair plus OR-hull bounded-box Lagrangian certificate and bounded structural falsification,,,,https://github.com/Huangyc98/MIPLIB_openproblem/blob/organize/complete-results-20260921/skills-research/comparisons/per_instance_comparison.csv,=best=     cdma                                     -2.48e+16,10 | 0.1 0 abort ok bebab67e | 1e+20 -1e+20 -- | cdma,False,False,Above v36 primal,No finite historical COPT bound,,-24778478399999989.9324,-27006692630251240
circ10-3,original112,optimal,242,242,0,256.0,14,141,101,False,Historical evidence grade; see instance report,242 published,"Optimal, exact MPS crosswalk + published exhaustive result",,,,https://github.com/Huangyc98/MIPLIB_openproblem/blob/organize/complete-results-20260921/instances/circ10-3/README.md,=best=     circ10-3                                 256.0,11 | 36000.0 273628 stop ok 5845f137 | 360 141 60.8 | circ10-3,True,True,Attributed improvement,Improved,LT,242,242
cmflsp40-36-2-10,original112,open,66452236.4536,65928415.306808524,0.00788267144563647538149498486332160239118697459,66452234.49456009,-1.95903991,64134678.7,1793736.606808524,False,Historical evidence grade; see instance report,"65,928,415.3068 (solver)",985 exact item/period neighborhoods closed; 0.7883% global gap; no strict primal improvement,,,,https://github.com/Huangyc98/MIPLIB_openproblem/blob/organize/complete-results-20260921/instances/cmflsp40-36-2-10/README.md,=best=     cmflsp40-36-2-10                         66452234.49456009,12 | 36000.0 4333640 stop ok d3d2599e | 68154449.5 64134678.7 5.9 | cmflsp40-36-2-10,False,True,Above v36 primal,Improved,,66452236.4536,65928415.306808524
cmflsp60-36-2-6,subsequent20,open,73891244.22159792,73054818.85442139,0.0113196817293820641821503464189746501801454173,73891245.38458699,1.16298907,72075510.1,979308.75442139,False,Historical evidence grade; see instance report,dual skill Gurobi,historically accepted numerical witness; not uniformly revalidated; exact fixed-pattern LP recourse plus declared Y/Z neighborhoods and untouched-original confirmation,"Numerical difference shown, but frozen project attribution is not upgraded by this arithmetic audit.",,,https://github.com/Huangyc98/MIPLIB_openproblem/blob/organize/complete-results-20260921/skills-research/comparisons/per_instance_comparison.csv,=best=     cmflsp60-36-2-6                          73891245.38458699,13 | 36000.0 2300311 stop ok ffb30933 | 74492812.1 72075510.1 3.2 | cmflsp60-36-2-6,False,True,Numerically better; not project-attributed,Improved,,73891244.22159792,73054818.85442139
comp12-2idx,original112,open,277,165,0.404332129963898916967509025270758122743682310,277.0,0,180.108268,-15.108268,False,Historical evidence grade; see instance report,165 (solver),Feasible; global optimum open; prior radius-10 local result retained,,,,https://github.com/Huangyc98/MIPLIB_openproblem/blob/organize/complete-results-20260921/instances/comp12-2idx/README.md,=best=     comp12-2idx                              277.0,14 | 36000.0 129884 stop ok af819628 | 293 180.108268 38.5 | comp12-2idx,False,False,No difference above 1e-7,Below historical COPT bound,,277,165
core2586-950,original112,open,944,937,0.00741525423728813559322033898305084745762711864,944.0,0,937.490655,-0.490655,False,Historical evidence grade; see instance report,937 (solver),Exact set-cover reduction `OPT = 87 + OPT(hard)`; 0.7415% numerical gap; global optimum open,,,,https://github.com/Huangyc98/MIPLIB_openproblem/blob/organize/complete-results-20260921/instances/core2586-950/README.md,=best=     core2586-950                             944.0,15 | 36000.0 456987 stop better 85f166b3 | 946 937.490655 0.8995 | core2586-950,False,False,No difference above 1e-7,Below historical COPT bound,,944,937
core4284-1064,original112,open,1062,1055,0.00659133709981167608286252354048964218455743879,1062.0,0,1055.87389,-0.87389,False,Historical evidence grade; see instance report,1055 (portable),Exact set-cover reduction and independently checked dual certificate; global optimum open,,,,https://github.com/Huangyc98/MIPLIB_openproblem/blob/organize/complete-results-20260921/instances/core4284-1064/README.md,=best=     core4284-1064                            1062.0,16 | 36000.0 270332 stop ok 7e350bc0 | 1063 1055.87389 0.6704 | core4284-1064,False,False,No difference above 1e-7,Below historical COPT bound,,1062,1055
core4872-1529,original112,open,1530,932,0.390849673202614379084967320261437908496732026,1530.0,0,1514.10482,-582.10482,False,Historical evidence grade; see instance report,932 (portable),Independently replayed disjoint-row-packing certificate; global optimum open,,,,https://github.com/Huangyc98/MIPLIB_openproblem/blob/organize/complete-results-20260921/instances/core4872-1529/README.md,=best=     core4872-1529                            1530.0,17 | 36000.0 175292 stop ok cfcff16b | 1531 1514.10482 1.1 | core4872-1529,False,False,No difference above 1e-7,Below historical COPT bound,,1530,932
cvrpa-n64k9vrpi,original112,optimal,1401,1401,0,1617.0,216,0,1401,False,Historical evidence grade; see instance report,"1,401","Optimal, mixed database/computational evidence; exact MPS projection and rational 17+ bound, but no portable complete lower-bound trace",,,,https://github.com/Huangyc98/MIPLIB_openproblem/blob/organize/complete-results-20260921/instances/cvrpa-n64k9vrpi/README.md,=best=     cvrpa-n64k9vrpi                          1617.0,18 | 36000.0 471867 stop ok 1625c7b6 | 3033 0 -- | cvrpa-n64k9vrpi,True,True,Attributed improvement,Improved,MX,1401,1401
cvrpb-n45k5vrpi,original112,optimal,751,751,0,775,24,0,751,False,Historical evidence grade; see instance report,751,"Optimal, mixed database/computational evidence; no portable exact lower-bound trace",,,,https://github.com/Huangyc98/MIPLIB_openproblem/blob/organize/complete-results-20260921/instances/cvrpb-n45k5vrpi/README.md,=best=     cvrpb-n45k5vrpi                          775,19 | 36000.0 1648187 stop ok afc234e3 | 2017 0 -- | cvrpb-n45k5vrpi,True,True,Attributed improvement,Improved,MX,751,751
cvrpp-n16k8vrpi,original112,optimal,450,450,0,450,0,282.375839,167.624161,False,Historical evidence grade; see instance report,450,"Optimal, exact dynamic program",,,,https://github.com/Huangyc98/MIPLIB_openproblem/blob/organize/complete-results-20260921/instances/cvrpp-n16k8vrpi/README.md,=best=     cvrpp-n16k8vrpi                          450,20 | 36000.0 11146552 stop ok 8dc63cdd | 450 282.375839 37.2 | cvrpp-n16k8vrpi,False,True,No difference above 1e-7,Improved,PE,450,450
d20200,original112,open,12237,12232,0.000408596878319849636348778295333823649587317153,12237.0,0,12232.0097,-0.0097,False,Historical evidence grade; see instance report,"12,232 solver; 12,230 independently exact",Custom tree incomplete: 33 pending subtrees; no new bound,,,,https://github.com/Huangyc98/MIPLIB_openproblem/blob/organize/complete-results-20260921/instances/d20200/README.md,=best=     d20200                                   12237.0,21 | 36000.0 14907930 stop ok cfec79d1 | 12250 12232.0097 0.1469 | d20200,False,False,No difference above 1e-7,Below historical COPT bound,,12237,12232
dano3mip,original112,open,664.020833333333,578.2171855753,0.129218306792130833856019473350275835230808948,664.0208333333334,4E-13,578.852969,-0.6357834247,False,Historical evidence grade; see instance report,578.2171855753,Feasible; global optimum open,,,,https://github.com/Huangyc98/MIPLIB_openproblem/blob/organize/complete-results-20260921/instances/dano3mip/README.md,=best=     dano3mip                                 664.0208333333334,22 | 36000.0 185180 stop ok 67970364 | 704.980392 578.852969 17.9 | dano3mip,False,False,No difference above 1e-7,Below historical COPT bound,,664.020833333333,578.2171855753
datt256,original112,open,,,,,,256,,False,Historical evidence grade; see instance report,local infeasibility certificates,Global feasibility open,,,,https://github.com/Huangyc98/MIPLIB_openproblem/blob/organize/complete-results-20260921/instances/datt256/README.md,=unkn=     datt256                                  ,23 | 36000.0 464 stop ok 54e63b35 | 1e+20 256 -- | datt256,False,False,No finite primal archived,No final dual archived,,no feasible point,local infeasibility certificates
dc1l,subsequent20,open,1758647.6800999984,1748926.03079,0.00552791182679956548316656940120497365702637186,1758647.6801,1.6E-9,1751049.95,-2123.91921,False,Historical evidence grade; see instance report,dual skill Gurobi,"historically accepted numerical witness; not uniformly revalidated; exact structural quotient and rational certificate chain, audited restricted neighborhoods, and matched untouched-original control",,,,https://github.com/Huangyc98/MIPLIB_openproblem/blob/organize/complete-results-20260921/skills-research/comparisons/per_instance_comparison.csv,=best=     dc1l                                     1758647.6801,24 | 36000.0 974875 stop ok 7a697fc1 | 1760000.09 1751049.95 0.5085 | dc1l,False,False,No difference above 1e-7,Below historical COPT bound,,1758647.6800999984,1748926.03079
dfn-bwin-DBE,original112,optimal,73623.79,73623.79,0,73623.78788664003,-0.00211335997,56406.0914,17217.6986,False,Historical evidence grade; see instance report,"73,623.79","Optimal, exact spanning-tree DP and cost exclusion",,,,https://github.com/Huangyc98/MIPLIB_openproblem/blob/organize/complete-results-20260921/instances/dfn-bwin-DBE/README.md,=best=     dfn-bwin-DBE                             73623.78788664003,25 | 36000.0 5529424 stop ok aa95adfb | 81869.81 56406.0914 31.1 | dfn-bwin-DBE,False,True,Above v36 primal,Improved,PE,73623.79,73623.79
dlr1,parallel10_20260928,open,2708064.1318774545,2707908.7433635984,0.0000573799239194427067086423292337908076384948447,2708064.1369803,0.0051028455,,,False,Historical evidence grade; see instance report,Accepted global solver or structural bound,Five substantive primal improvements and two optima. Sutlej strict optimum -1048730.8; numerical-tolerance incumbent separate. Vouga large-M tolerance artifact excluded.,"Numerical difference shown, but frozen project attribution is not upgraded by this arithmetic audit.",,,https://github.com/Huangyc98/MIPLIB_openproblem/blob/organize/complete-results-20260921/instances/dlr1/README.md,=best=     dlr1                                     2708064.1369803,26 | 36000.0 1 stop ok 8afdaacd | 4390789.85 -1e+20 -- | dlr1,False,False,Numerically better; not project-attributed,No finite historical COPT bound,,2708064.1318774545,2707908.7433635984
dlr2,parallel15_20261003,open,18265839.45029593,11601762.345761254,0.364838261207136002356627099491044926623813891,18311711.89666227,45872.44636634,,,False,Historical evidence grade; see instance report,numerical_global_with_exact_source_audit,"The final original-validated primal improves the frozen 18311711.896662273 baseline by 45872.44636634365. The dual is the completed full-original LP optimum 11601762.345761254. Research ended within its original clock, but the initial evidence seal missed the deadline. A later artifact-only repair made zero optimization calls: late_delivery=true and within_original_hard_deadline=false. The published sparse SOL deletes only exactly zero entries from the dense archived SOL, preserving the represented point.",,fe0b3b3aa7efcd61de33702a82374ac90cbaf22c82c559e708e102c2d135e093,cf0ee0133296ce3ab34f571eb5257b1d8e209d0efcc9474ebf8e92a1550dc12c,https://github.com/Huangyc98/MIPLIB_openproblem/blob/organize/complete-results-20260921/instances/dlr2/README.md,=best=     dlr2                                     18311711.89666227,27 | 36000.0 1 stop better 5a6ed9c3 | 18311764.3 -1e+20 -- | dlr2,True,False,Attributed improvement,No finite historical COPT bound,,18265839.45029593,11601762.345761254
ds-big,parallel15_20261003,open,194.49841415,178.14457882305123,0.0840821011236444058173828560236618258308817167,194.58674798,0.08833383,87.2719112,90.87266762305123,False,Historical evidence grade; see instance report,numerical_global_with_exact_source_audit,"The global numerical lower bound is the minimum over a source-audited exhaustive dummy-count/parity partition, including syndrome-class trees. The conditional class bound alone is insufficient. Separate exact source/price certificates prove 118.008983109. The exact feasible primal remains 194.49841415; solver tolerance polishing is recorded separately.","Numerical difference shown, but frozen project attribution is not upgraded by this arithmetic audit.",1114f15fea99c5719b3d80ff766da83b28b49ff1fe3b8912cf6d012bd39bacb9,2589b121423eaa2ee8eb8ddd63e8d20494a1a520c46b4269cc8ab908a2aae73a,https://github.com/Huangyc98/MIPLIB_openproblem/blob/organize/complete-results-20260921/instances/ds-big/README.md,=best=     ds-big                                   194.58674798,28 | 36000.0 7837 stop ok a4213efb | 316.543831 87.2719112 72.4 | ds-big,False,True,Numerically better; not project-attributed,Improved,,194.49841415,178.14457882305123
dws012-01,original112,open,82030.5522222395466198,44641.72316928,0.455791507433287156895775377163141984187586337,82030.53014261134,-0.0220796282066198,47506.9179,-2865.19473072,False,Historical evidence grade; see instance report,"44,641.72316928 (solver)",Fixed-design recourse optimum and exact projection blueprint; 45.5792% numerical gap; global optimum open,,,,https://github.com/Huangyc98/MIPLIB_openproblem/blob/organize/complete-results-20260921/instances/dws012-01/README.md,=best=     dws012-01                                82030.53014261134,29 | 36000.0 8843512 stop ok 43c2277 | 1e+20 47506.9179 -- | dws012-01,False,False,Above v36 primal,Below historical COPT bound,,82030.5522222395466198,44641.72316928
dws012-02,original112,open,119443.31072434435,23459.58492171858,0.803592308523166526595650123488005301214953498,119893.3107095763,449.99998523195,58131.4504,-34671.86547828142,False,Historical evidence grade; see instance report,23459.58492171858,Sibling-design transplant improves MIPLIB v36 by 449.99998531942; global optimum open,,,,https://github.com/Huangyc98/MIPLIB_openproblem/blob/organize/complete-results-20260921/instances/dws012-02/README.md,=best=     dws012-02                                119893.3107095763,30 | 36000.0 1151802 stop ok 989c3d8e | 1e+20 58131.4504 -- | dws012-02,True,False,Attributed improvement,Below historical COPT bound,,119443.31072434435,23459.58492171858
dws012-03,parallel10_20260927,open,140473.62938903295,114206.30519394217,0.186991140681252457120669580705410600895852367,140473.5764898607,-0.05289917225,63290.0397,50916.26549394217,False,Historical evidence grade; see instance report,Validated global bound from solver or structural relaxation,Numerical optimality accepted; experiment baseline and frozen v36 compared separately.,,,,https://github.com/Huangyc98/MIPLIB_openproblem/blob/organize/complete-results-20260921/instances/dws012-03/README.md,=best=     dws012-03                                140473.5764898607,31 | 36000.0 660757 stop ok fc8a83c0 | 1e+20 63290.0397 -- | dws012-03,False,True,Above v36 primal,Improved,,140473.62938903295,114206.30519394217
eva1aprime5x5opt,original112,open,-17.94807560443689,-458.919072061,0.960890543241464557965180104705092782923149771,-17.94807560443689,0,-52.0397187,-406.879353361,False,Historical evidence grade; see instance report,-458.919072061,Feasible; no `1e-6` improvement within bit radius 8; global optimum open,,,,https://github.com/Huangyc98/MIPLIB_openproblem/blob/organize/complete-results-20260921/instances/eva1aprime5x5opt/README.md,=best=     eva1aprime5x5opt                         -17.94807560443689,32 | 36000.0 187004 stop ok eb4d8d0f | -10.0445 -52.0397187 80.7 | eva1aprime5x5opt,False,False,No difference above 1e-7,Below historical COPT bound,,-17.94807560443689,-458.919072061
eva1aprime6x6opt,subsequent20,open,-18.101002981361386,-96.70380539695806,0.812820158347866051530633019502592333427922328,-18.10146978964996,-0.000466808288574,-140.895641,44.19183560304194,False,Historical evidence grade; see instance report,dual skill Gurobi,"historically accepted numerical witness; not uniformly revalidated; material-choice structure recovery, strict fixed-pattern recourse, conflict cliques, symmetry-aware exact/local neighborhoods, redundant indicators, cardinality shell, and strict untouched-original control",,,,https://github.com/Huangyc98/MIPLIB_openproblem/blob/organize/complete-results-20260921/skills-research/comparisons/per_instance_comparison.csv,=best=     eva1aprime6x6opt                         -18.10146978964996,33 | 36000.0 9725 stop ok 97bda2ae | 1.71485284 -140.895641 101.2 | eva1aprime6x6opt,False,True,Above v36 primal,Improved,,-18.101002981361386,-96.70380539695806
ex1010-pi,original112,open,233,224,0.0386266094420600858369098712446351931330472103,233.0,0,224.057416,-0.057416,False,Historical evidence grade; see instance report,224 solver,Exact kernelization; global optimum open,,,,https://github.com/Huangyc98/MIPLIB_openproblem/blob/organize/complete-results-20260921/instances/ex1010-pi/README.md,=best=     ex1010-pi                                233.0,34 | 36000.0 463515 stop ok 8185cd66 | 236 224.057416 5.1 | ex1010-pi,False,False,No difference above 1e-7,Below historical COPT bound,,233,224
f2000,original112,open,1810,1332,0.264088397790055248618784530386740331491712707,1810.0,0,1342.95881,-10.95881,False,Historical evidence grade; see instance report,"1,332 root",Feasible minimum-prime-implicant witness; global optimum open,,,,https://github.com/Huangyc98/MIPLIB_openproblem/blob/organize/complete-results-20260921/instances/f2000/README.md,=best=     f2000                                    1810.0,35 | 36000.0 41660 stop ok 6f6c4194 | 1e+20 1342.95881 -- | f2000,False,False,No difference above 1e-7,Below historical COPT bound,,1810,1332
fastxgemm-n3r21s3t6,original112,open,2147,93,0.956683744760130414531904983698183511877037727,4110.99800117485,1963.99800117485,84,9,False,Historical evidence grade; see instance report,93,Project-derived improvement from attributed external construction; global optimum open,,,,https://github.com/Huangyc98/MIPLIB_openproblem/blob/organize/complete-results-20260921/instances/fastxgemm-n3r21s3t6/README.md,=best=     fastxgemm-n3r21s3t6                      4110.99800117485,36 | 36000.0 74398 stop ok e0f9a37c | 27102 84 99.7 | fastxgemm-n3r21s3t6,True,True,External-derived improvement,Improved,,2147,93
fastxgemm-n3r22s4t6,original112,open,1150,90,0.921739130434782608695652173913043478260869565,3101.998198399999,1951.998198399999,84,6,False,Historical evidence grade; see instance report,90,Project-derived improvement from attributed external construction; global optimum open,,,,https://github.com/Huangyc98/MIPLIB_openproblem/blob/organize/complete-results-20260921/instances/fastxgemm-n3r22s4t6/README.md,=best=     fastxgemm-n3r22s4t6                      3101.998198399999,37 | 36000.0 47831 stop ok c6c59303 | 7084 84 98.8 | fastxgemm-n3r22s4t6,True,True,External-derived improvement,Improved,,1150,90
fastxgemm-n3r23s5t6,original112,open,153,90,0.411764705882352941176470588235294117647058824,3089.997998,2936.997998,84,6,False,Historical evidence grade; see instance report,90,"Strict interval `[90,153]`; LB is our proof, UB is excluded from our primal count; global optimum open","Numerical difference shown, but frozen project attribution is not upgraded by this arithmetic audit.",,,https://github.com/Huangyc98/MIPLIB_openproblem/blob/organize/complete-results-20260921/instances/fastxgemm-n3r23s5t6/README.md,=best=     fastxgemm-n3r23s5t6                      3089.997998,38 | 36000.0 58004 stop ok 27482422 | 27108 84 99.7 | fastxgemm-n3r23s5t6,False,True,Numerically better; not project-attributed,Improved,,153,90
fhnw-binpack4-58,original112,infeasible,,,,,,0,,False,Historical evidence grade; see instance report,geometric contradiction,"Infeasible, exact certificate",,,,https://github.com/Huangyc98/MIPLIB_openproblem/blob/organize/complete-results-20260921/instances/fhnw-binpack4-58/README.md,=unkn=     fhnw-binpack4-58                         ,39 | 36000.0 69078009 stop ok b60d94e2 | 1e+20 0 -- | fhnw-binpack4-58,False,False,Infeasibility certificate,Infeasibility certificate,PE,—,geometric contradiction
fhnw-binschedule0,original112,optimal,15958,15958,0,16088.0,130,15642,316,False,Historical evidence grade; see instance report,"15,958","Optimal, exact interval-order path-cover certificate",,,,https://github.com/Huangyc98/MIPLIB_openproblem/blob/organize/complete-results-20260921/instances/fhnw-binschedule0/README.md,=best=     fhnw-binschedule0                        16088.0,40 | 36000.0 544 stop ok 1ea2b33f | 16982 15642 7.9 | fhnw-binschedule0,True,True,Attributed improvement,Improved,PE,15958,15958
fhnw-binschedule1,original112,optimal,55158,55158,0,55198.0,40,52153,3005,False,Historical evidence grade; see instance report,"55,158","Optimal, exact interval-order path-cover certificate",,,,https://github.com/Huangyc98/MIPLIB_openproblem/blob/organize/complete-results-20260921/instances/fhnw-binschedule1/README.md,=best=     fhnw-binschedule1                        55198.0,41 | 36000.0 1 stop ok f7d77b1b | 1e+20 52153 -- | fhnw-binschedule1,True,True,Attributed improvement,Improved,PE,55158,55158
fhnw-binschedule2,original112,optimal,2428,2428,0,2428,0,2273.5,154.5,False,Historical evidence grade; see instance report,"2,428","Optimal, exact endpoint clique/parity certificate",,,,https://github.com/Huangyc98/MIPLIB_openproblem/blob/organize/complete-results-20260921/instances/fhnw-binschedule2/README.md,=best=     fhnw-binschedule2                        2428,42 | 36000.0 280156 stop ok 23a68bf2 | 2450 2273.5 7.2 | fhnw-binschedule2,False,True,No difference above 1e-7,Improved,PE,2428,2428
fhnw-schedule-paira100,original112,optimal,-15.113116512593402,-15.113116512593401992,,-15.1131226682367,-0.000006155643298,-23.8016842,8.688567687406598008,False,Historical evidence grade; see instance report,-15.113116512593402 (Gurobi + audited valid cuts),"Computational optimum; official lower headline is nonintegral, so no numerical primal improvement is claimed",Reported numerical lower bound marginally exceeds primal; retain numerical qualification and do not clamp source values.,,,https://github.com/Huangyc98/MIPLIB_openproblem/blob/organize/complete-results-20260921/instances/fhnw-schedule-paira100/README.md,=best=     fhnw-schedule-paira100                   -15.1131226682367,43 | 36000.0 155099 stop ok eefb9a70 | -11.8907863 -23.8016842 50.0 | fhnw-schedule-paira100,False,True,Above v36 primal,Improved,PE,-15.113116512593402,-15.113116512593401992
fhnw-schedule-paira200,original112,optimal,-19.369961204645204,-19.36996120464520581,9.34436564367477919476872911516173702546882438E-17,-19.2298568218154,0.140104382829804,-46.9081453,27.53818409535479419,False,Historical evidence grade; see instance report,-19.369961204645204 (Gurobi + audited valid cuts),Computational optimum; independent rerun and original-MPS audit,,,,https://github.com/Huangyc98/MIPLIB_openproblem/blob/organize/complete-results-20260921/instances/fhnw-schedule-paira200/README.md,=best=     fhnw-schedule-paira200                   -19.2298568218154,44 | 36000.0 4670 stop ok a66b9b3f | -14.0242124 -46.9081453 70.1 | fhnw-schedule-paira200,True,True,Attributed improvement,Improved,PE,-19.369961204645204,-19.36996120464520581
fhnw-schedule-paira400,original112,optimal,-36.27696674236886,-36.276966742368865136,1.41577437729972187407784852273457751844566032E-16,-35.54680465280395,0.73016208956491,-95.8844179,59.607451157631134864,False,Historical evidence grade; see instance report,-36.27696674236886 (safe suffix master),Computational optimum; two master runs and Pair-A/Pair-B full-row audits,,,,https://github.com/Huangyc98/MIPLIB_openproblem/blob/organize/complete-results-20260921/instances/fhnw-schedule-paira400/README.md,=best=     fhnw-schedule-paira400                   -35.54680465280395,45 | 36000.0 1 stop ok 531b676f | -1.31708288 -95.8844179 98.6 | fhnw-schedule-paira400,True,True,Attributed improvement,Improved,PE,-36.27696674236886,-36.276966742368865136
fhnw-schedule-pairb200,original112,optimal,-19.36996120464520581,-19.36996120464520581,0,-19.24094384259708,0.12901736204812581,-51.5610835,32.19112229535479419,False,Historical evidence grade; see instance report,-19.3699612046452058100 (Gurobi + audited valid cuts),"Computational optimum; independent rerun and Pair-A cross-check, no portable formal lower-bound proof",,,,https://github.com/Huangyc98/MIPLIB_openproblem/blob/organize/complete-results-20260921/instances/fhnw-schedule-pairb200/README.md,=best=     fhnw-schedule-pairb200                   -19.24094384259708,46 | 36000.0 499406 stop ok 6db4f773 | -14.017227 -51.5610835 72.8 | fhnw-schedule-pairb200,True,True,Attributed improvement,Improved,PE,-19.36996120464520581,-19.36996120464520581
fhnw-schedule-pairb400,original112,optimal,-36.27696674236886,-36.276966742368865136,1.41577437729972187407784852273457751844566032E-16,-35.4584,0.81856674236886,-98.8384308,62.561464057631134864,False,Historical evidence grade; see instance report,-36.27696674236886 (independent safe suffix master),"Computational optimum; two safe runs, cross-formulation audit, invalid old cuts explicitly rejected",,,,https://github.com/Huangyc98/MIPLIB_openproblem/blob/organize/complete-results-20260921/instances/fhnw-schedule-pairb400/README.md,=best=     fhnw-schedule-pairb400                   -35.4584,47 | 36000.0 33359 stop ok 1ea2ce17 | -22.6123308 -98.8384308 77.1 | fhnw-schedule-pairb400,True,True,Attributed improvement,Improved,PE,-36.27696674236886,-36.276966742368865136
gasprod1-1,fresh_next10_20261004,optimal,291.5265300348231,291.52653003486193,,291.1753206178254,-0.3512094169977,253.271446,38.25508403486193,False,See original-decimal Fraction check in instance package,Numerical global bound with structural audits; no independent exact lower-bound certificate is claimed,Solver numerical global optimality; not an exact arithmetic or Lean proof,All4 original public vectors fail1e-9; fixed rounded integers/full original continuous repair converge to about291.5265336024; repair is not claimed as a new primal record Reported numerical lower bound marginally exceeds primal; retain numerical qualification and do not clamp source values.,a21f954df344e7f741364f2d36df23b0821b71f202553fa940833306fcaad74a,,https://github.com/Huangyc98/MIPLIB_openproblem/blob/organize/complete-results-20260921/instances/gasprod1-1/README.md,=best=     gasprod1-1                               291.1753206178254,48 | 36000.0 79557837 stop ok 19cd0ea5 | 291.526207 253.271446 13.1 | gasprod1-1,False,True,Above v36 primal,Improved,IV,291.5265300348231,291.52653003486193
genus-g31-8,original112,optimal_with_tolerance,-23,-23,0,-23,0,-27,4,False,Historical evidence grade; see instance report,-23 exact lower bound,P=D=-23; primal row residual 1e-15 < 1e-10 accepted policy; not literal-zero feasibility,,,,https://github.com/Huangyc98/MIPLIB_openproblem/blob/organize/complete-results-20260921/instances/genus-g31-8/README.md,=best=     genus-g31-8                              -23,49 | 36000.0 385083 stop ok 7bdd68bf | -21 -27 22.2 | genus-g31-8,False,True,No difference above 1e-7,Improved,TC,-23,-23
genus-g61-25,original112,open,-40,-42,0.0476190476190476190476190476190476190476190476,-40.0,0,-58,16,False,Historical evidence grade; see instance report,-42 (exact; genus ≥9),Complete 44-face exclusion; 42-face target unresolved,,,,https://github.com/Huangyc98/MIPLIB_openproblem/blob/organize/complete-results-20260921/instances/genus-g61-25/README.md,=best=     genus-g61-25                             -40.0,50 | 36000.0 23261 stop ok bceecade | -26 -58 55.2 | genus-g61-25,False,True,No difference above 1e-7,Improved,,-40,-42
genus-sym-g31-8,original112,optimal_with_tolerance,-23,-23,0,-23.0,0,-27,4,False,Historical evidence grade; see instance report,-23 exact lower bound,P=D=-23; primal row residual 1e-15 < 1e-10 accepted policy; not literal-zero feasibility,,,,https://github.com/Huangyc98/MIPLIB_openproblem/blob/organize/complete-results-20260921/instances/genus-sym-g31-8/README.md,=best=     genus-sym-g31-8                          -23.0,51 | 36000.0 310651 stop ok f52b6c3b | -21 -27 22.2 | genus-sym-g31-8,False,True,No difference above 1e-7,Improved,TC,-23,-23
genus-sym-g62-2,original112,open,-38,-40,0.05,-38.0,0,-54,14,False,Historical evidence grade; see instance report,-40 (exact),Complete short-face catalogue and rational dual; optimum open,,,,https://github.com/Huangyc98/MIPLIB_openproblem/blob/organize/complete-results-20260921/instances/genus-sym-g62-2/README.md,=best=     genus-sym-g62-2                          -38.0,52 | 36000.0 40316 stop ok 7eec8a2e | -26 -54 51.9 | genus-sym-g62-2,False,True,No difference above 1e-7,Improved,,-38,-40
genus-sym-grafo5708-48,original112,optimal,-21,-21,0,-21,0,-27,6,False,Historical evidence grade; see instance report,-21 exhaustive result,"Optimal, specialized exact exhaustive computation; no standalone proof trace",,,,https://github.com/Huangyc98/MIPLIB_openproblem/blob/organize/complete-results-20260921/instances/genus-sym-grafo5708-48/README.md,=best=     genus-sym-grafo5708-48                   -21,53 | 36000.0 552347 stop ok d24b0dc6 | -21 -27 22.2 | genus-sym-grafo5708-48,False,True,No difference above 1e-7,Improved,EX,-21,-21
ger50-17-ptp-pop-3t,original112,open,5224.5144,5183.93592586653,0.00776693698719061813668271255985053845387046880,5224.5144,0,4123.52638,1060.40954586653,False,Historical evidence grade; see instance report,"5,183.93592586653 (solver)",Exact flow scaling; conflicting Gurobi 13 zero-gap output rejected; 0.7767% numerical gap; global optimum open,,,,https://github.com/Huangyc98/MIPLIB_openproblem/blob/organize/complete-results-20260921/instances/ger50-17-ptp-pop-3t/README.md,=best=     ger50-17-ptp-pop-3t                      5224.5144,54 | 36000.0 1282844 stop ok 7844600f | 5341.3766 4123.52638 22.8 | ger50-17-ptp-pop-3t,False,True,No difference above 1e-7,Improved,,5224.5144,5183.93592586653
ger50-17-trans-dfn-3t,subsequent20,open,3969.433399999999,3934.3152,0.00884715687634386531013642308342175740659185349,3969.4334,1E-12,3831.36744,102.94776,False,Historical evidence grade; see instance report,dual skill Gurobi,historically accepted numerical witness; not uniformly revalidated; audited rounded logical cutset strengthening,,,,https://github.com/Huangyc98/MIPLIB_openproblem/blob/organize/complete-results-20260921/skills-research/comparisons/per_instance_comparison.csv,=best=     ger50-17-trans-dfn-3t                    3969.4334,55 | 36000.0 268285 stop ok e5aa5752 | 4352.9664 3831.36744 12.0 | ger50-17-trans-dfn-3t,False,True,No difference above 1e-7,Improved,,3969.433399999999,3934.3152
ger50-17-trans-pop-3t,parallel8_20260926,optimal,4038.441,4038.441,0,4038.441,0,3884.84515,153.59585,False,Historical evidence grade; see instance report,Valid global solver bound or stronger independently exact bound,Global solver numerical optimality accepted; exact certificate supplementary. Experiment initial primal improvement: 0,,,,https://github.com/Huangyc98/MIPLIB_openproblem/blob/organize/complete-results-20260921/instances/ger50-17-trans-pop-3t/README.md,=best=     ger50-17-trans-pop-3t                    4038.441,56 | 36000.0 263357 stop ok cf0afe49 | 4394.0664 3884.84515 11.6 | ger50-17-trans-pop-3t,False,True,No difference above 1e-7,Improved,IV,4038.441,4038.441
gmut-76-40,original112,open,-14169477.7859,-14171086.31587,0.000113507880352025655140732073088608739901878891,-14169477.79550346,-0.00960346,-14170137.1,-949.21587,False,Historical evidence grade; see instance report,"-14,171,086.31587 (solver)",Exact-decimal primal audit; 0.0114% numerical gap; global optimum open,,,,https://github.com/Huangyc98/MIPLIB_openproblem/blob/organize/complete-results-20260921/instances/gmut-76-40/README.md,=best=     gmut-76-40                               -14169477.79550346,57 | 23392.8 16551674 stop ok e865a00 | -14146616.2 -14170137.1 0.1660 | gmut-76-40,False,False,Above v36 primal,Below historical COPT bound,,-14169477.7859,-14171086.31587
gmut-76-50,original112,open,-14171397.8275,,,-14171893.7789212,-495.9514212,-14173526.5,,False,Historical evidence grade; see instance report,no new certified global bound,Public lower-looking witness is nonintegral; no incumbent improvement claimed,,,,https://github.com/Huangyc98/MIPLIB_openproblem/blob/organize/complete-results-20260921/instances/gmut-76-50/README.md,=best=     gmut-76-50                               -14171893.7789212,58 | 25767.9 11887737 stop ok e613a9ff | -14157633.9 -14173526.5 0.1121 | gmut-76-50,False,False,Above v36 primal,No final dual archived,,-14171397.8275,no new certified global bound
graph40-20-1rand,original112,open,-15,,,-15,0,-134.42884,,False,Historical evidence grade; see instance report,"-15 published, graph identity not certified",Feasible; global optimality not locally certified,,,,https://github.com/Huangyc98/MIPLIB_openproblem/blob/organize/complete-results-20260921/instances/graph40-20-1rand/README.md,=best=     graph40-20-1rand                         -15,59 | 36000.0 1 stop ok 27a68c66 | -15 -134.42884 88.8 | graph40-20-1rand,False,False,No difference above 1e-7,No final dual archived,,-15,"-15 published, graph identity not certified"
graph40-40-1rand,original112,optimal,-9,-9,0,-9,0,-68.9559386,59.9559386,False,Historical evidence grade; see instance report,-9,"Optimal, original-MPS/CNF/LRAT certificate",,,,https://github.com/Huangyc98/MIPLIB_openproblem/blob/organize/complete-results-20260921/instances/graph40-40-1rand/README.md,=best=     graph40-40-1rand                         -9,60 | 36000.0 383 stop ok aeff411d | -9 -68.9559386 86.9 | graph40-40-1rand,False,True,No difference above 1e-7,Improved,PE,-9,-9
graph40-80-1rand,original112,optimal,-7,-7,0,-7,0,-495.450445,488.450445,False,Historical evidence grade; see instance report,-7,"Optimal, original-MPS/CNF/LRAT certificate",,,,https://github.com/Huangyc98/MIPLIB_openproblem/blob/organize/complete-results-20260921/instances/graph40-80-1rand/README.md,=best=     graph40-80-1rand                         -7,61 | 36000.0 1 stop ok 9fd3d290 | -7 -495.450445 98.6 | graph40-80-1rand,False,True,No difference above 1e-7,Improved,PE,-7,-7
graphdraw-grafo2,subsequent20,open,68590.5,53513.5,0.219811781514932825974442524839445695832513249,68613.49999999868,22.99999999868,36314.1643,17199.3357,False,Historical evidence grade; see instance report,dual skill COPT terminal,historically accepted numerical witness; not uniformly revalidated; objective-graph degree and disconnected-component restricted LNS with original-MPS replay,,,,https://github.com/Huangyc98/MIPLIB_openproblem/blob/organize/complete-results-20260921/skills-research/comparisons/per_instance_comparison.csv,=best=     graphdraw-grafo2                         68613.49999999868,62 | 36000.0 4222 stop ok 2e8f8787 | 109951.5 36314.1643 67.0 | graphdraw-grafo2,True,True,Attributed improvement,Improved,,68590.5,53513.5
graphdraw-mainerd,original112,open,38842,31882,0.179187477472838679779619998970186911075639771,38841.9999999991,-9E-10,31493.2257,388.7743,False,Historical evidence grade; see instance report,"31,882 (exact global certificate)",New global geometric proof; historical six-rectangle local exclusion remains separate; global optimum open,,,,https://github.com/Huangyc98/MIPLIB_openproblem/blob/organize/complete-results-20260921/instances/graphdraw-mainerd/README.md,=best=     graphdraw-mainerd                        38841.9999999991,63 | 36000.0 2286043 stop ok b459f6a7 | 49944 31493.2257 36.9 | graphdraw-mainerd,False,True,No difference above 1e-7,Improved,,38842,31882
graphdraw-opmanager,original112,open,99445.5,58950,0.407212996063170279198153762613692927281777456,99445.5,0,56741.4457,2208.5543,False,Historical evidence grade; see instance report,"58,950 (exact global certificate)",New global geometric proof; historical four-rectangle local exclusion remains separate; global optimum open,,,,https://github.com/Huangyc98/MIPLIB_openproblem/blob/organize/complete-results-20260921/instances/graphdraw-opmanager/README.md,=best=     graphdraw-opmanager                      99445.5,64 | 36000.0 114236 stop ok 5e9cba7a | 143015.5 56741.4457 60.3 | graphdraw-opmanager,False,True,No difference above 1e-7,Improved,,99445.5,58950
gsvm2rl11,original112,open,18539.12716192643,2096.755457820071,0.886901069316458918610529345191735442713382041,18121.6376441351,-417.48951779133,3169.43538,-1072.679922179929,False,Historical evidence grade; see instance report,"2,096.755457820071",Feasible; sparse-exchange prototypes tested; global optimum open,,,,https://github.com/Huangyc98/MIPLIB_openproblem/blob/organize/complete-results-20260921/instances/gsvm2rl11/README.md,=best=     gsvm2rl11                                18121.6376441351,65 | 36000.0 13072026 stop ok 862f45e3 | 19576.5741 3169.43538 83.8 | gsvm2rl11,False,False,Above v36 primal,Below historical COPT bound,,18539.12716192643,2096.755457820071
gsvm2rl12,fresh_r01_r10_20261006,open,21.903856358719684055196879295780590021238,12.099305681214467,0.447617557243619038730297278626027774204410194,21.90385635871968,-4.055196879295780590021238E-15,3.11194162,8.987364061214467,False,"Exact rational original-MPS feasibility, zero residual",numerical_solver,"Original strict rational witness, separately graded numerical and independent exact dual evidence, verified core final-result packages; full trial archives retained locally.",,65b57e777eca3865e0220139fbac6f054cf344c5e1e6eeb48b07d56c47b31bf4,7b9f85bdfe5227b4a4e06e5a39d1897f1693ed8a6ccfd0b36598f214481fc27f,https://github.com/Huangyc98/MIPLIB_openproblem/blob/organize/complete-results-20260921/instances/gsvm2rl12/README.md,=best=     gsvm2rl12                                21.90385635871968,66 | 26992.4 18300986 stop ok 6608d372 | 45.2286243 3.11194162 93.1 | gsvm2rl12,False,True,No difference above 1e-7,Improved,,21.903856358719684055196879295780590021238,12.099305681214467
gsvm2rl9,original112,open,7438.181167767967,2289.659530409,0.692174810109381083807733092448274679162809351,7438.181021170049,-0.000146597918,2889.25545,-599.595919591,False,Historical evidence grade; see instance report,"2,289.659530409",Feasible; no official-target improvement within `z` radius 8; global optimum open,,,,https://github.com/Huangyc98/MIPLIB_openproblem/blob/organize/complete-results-20260921/instances/gsvm2rl9/README.md,=best=     gsvm2rl9                                 7438.181021170049,67 | 36000.0 48780185 stop ok 85b7913 | 7742.17009 2889.25545 62.7 | gsvm2rl9,False,False,Above v36 primal,Below historical COPT bound,,7438.181167767967,2289.659530409
hgms30,fresh_r01_r10_20261006,open,-44338.7448126592095856289605428148148148148148,-44339.653641111276,0.0000204969677801848653022668146582198545216028273,-44338.74480308597,0.00000957323958562896054281481481481481481481481481,-46112.9057,1773.252058888724,False,"Exact rational original-MPS feasibility, zero residual",numerical_solver,"Original strict rational witness, separately graded numerical and independent exact dual evidence, verified core final-result packages; full trial archives retained locally.",,34b759020e24a86b0b7fccc3051fd1ec40973c91a341cce1cafdac6672439f6d,bf05b9d30c16ac14059328d6573208d939dd7b72bae6306df664f6182b9193e6,https://github.com/Huangyc98/MIPLIB_openproblem/blob/organize/complete-results-20260921/instances/hgms30/README.md,=best=     hgms30                                   -44338.74480308597,68 | 36000.0 63740 stop ok 5489fc1e | -44320.6389 -46112.9057 3.9 | hgms30,False,True,No counted improvement,Improved,,-44338.7448126592095856289605428148148148148148,-44339.653641111276
hgms62,fresh_r01_r10_20261006,open,-44837.2453466837391764121335059500411111111111,-44844.32868377851,0.000157953910843871576855185445003651287418227496,-44837.24534313961,0.00000354412917641213350595004111111111111111111111,-46639.631,1795.30231622149,False,"Exact rational original-MPS feasibility, zero residual",numerical_solver,"Original strict rational witness, separately graded numerical and independent exact dual evidence, verified core final-result packages; full trial archives retained locally.",,0201cd27f6f2e44cb1427f2f9458fdafb9dbd0d3b842067e780f115ec28b9dd2,40b0eee87c82ad02afedc98972c7b64423e9154b9c404d10c264adc65c5e0958,https://github.com/Huangyc98/MIPLIB_openproblem/blob/organize/complete-results-20260921/instances/hgms62/README.md,=best=     hgms62                                   -44837.24534313961,69 | 36000.0 17423 stop ok 55391f8c | -44795.4486 -46639.631 4.0 | hgms62,False,True,No counted improvement,Improved,,-44837.2453466837391764121335059500411111111111,-44844.32868377851
ivu06,original112,open,142.864331576,135.900242315,0.0487461718693254861723919035095069571881031148,142.86,-0.004331576,135.944621,-0.044378685,False,Historical evidence grade; see instance report,135.900242315 (portable),Exact rational dual checked against all columns; global optimum open,,,,https://github.com/Huangyc98/MIPLIB_openproblem/blob/organize/complete-results-20260921/instances/ivu06/README.md,=best=     ivu06                                    142.86,71 | 36000.0 2334 stop ok 2b7565f8 | 198.433669 135.944621 31.5 | ivu06,False,False,Above v36 primal,Below historical COPT bound,,142.864331576,135.900242315
ivu06-big,parallel15_20261003,open,140.412332083,135.44891253182323,0.0353488862234893473847466913879474960561181893,140.74,0.327667917,135.430283,0.01862953182323,False,Historical evidence grade; see instance report,numerical_global_with_exact_source_audit,"The selected 111-duty original 0/1 partition improves the frozen primal 140.74366634 to 140.412332083, with zero original row/domain residuals. Completed original-model COPT gives numerical dual 135.44891253182323. Separate exact raw-source branch-and-price replay proves 67723688451/500000000 by exhaustive region coverage and the minimum over the surviving frontier. Restricted column-pool bounds are excluded.",,804aef2f1868dbef52cdaf98acf1823c5b19bdc295be046fc043bf472a3c9894,1bff111ab4dc9d94a24cfa09277b6bfe7c2097b40dfc5a275059f61405cd0aab,https://github.com/Huangyc98/MIPLIB_openproblem/blob/organize/complete-results-20260921/instances/ivu06-big/README.md,=best=     ivu06-big                                140.74,70 | 1087.5 0 stop ok d74b11b4 | 191.640335 135.430283 29.3 | ivu06-big,True,True,Attributed improvement,Improved,,140.412332083,135.44891253182323
ivu59,parallel15_20261003,open,911.94105059,885,0.0295425352028729315675667526701814946531828106,927.8947518206729,15.9537012306729,884.788371,0.211629,False,Historical evidence grade; see instance report,numerical_global_with_exact_source_audit,"Validated original partition exchanges improve frozen primal 912.70015745 to 911.94105059. Exact reduced-cost exclusion preserves every solution in the cap-885 region; completed COPT INFEASIBLE in that region, together with the outside-cap cover, proves numerical global lower bound 885. Display the floating excess 885.0000000000076 as 885. The independent exact parity-price certificate is 884462983177/1000000000. Advisory reduced costs used for primal proposals are not asserted dual-feasible.",,b0c8915ad29aaab53aa809b62ca2bdf8398f03aad27b07c58d98f3217e67c48e,fe664d45c274bbcdb69cc4afb1358c1b4161dc8c32e85c70d573544e091c9f53,https://github.com/Huangyc98/MIPLIB_openproblem/blob/organize/complete-results-20260921/instances/ivu59/README.md,=best=     ivu59                                    927.8947518206729,72 | 2475.7 0 stop ok ebaa0ae6 | 1510.60395 884.788371 41.4 | ivu59,True,True,Attributed improvement,Improved,,911.94105059,885
kottenpark09,parallel15_20261003,open,1715,230,0.865889212827988338192419825072886297376093294,1715.0,0,183.5,46.5,False,Historical evidence grade; see instance report,numerical_global_with_exact_source_audit,"Two raw-source auditors prove integrality-preserving relaxation of 2734670 assignment columns: 1780414 unique binary-margin intersections and 954256 forced zeros. All original rows/domains/objective are retained. An equivalent global model adds 7920 source-proved gated-day cuts. Completed clean COPT API bound 229.199999999994 rounds to 230 using the exact 5Z objective lattice. F=0,z<=1710 pilots are conditional and cannot supply a standalone global bound. The primal 1715 is unchanged.",,d184489b964e4bba3ea0e550257e173fd1548a2a824ad6c96953f106e1b6f4c6,a5aa2768d227ad8a4b9cf89dac03bb540c1066d4892a2f3f8ed4a5bb3a943c0e,https://github.com/Huangyc98/MIPLIB_openproblem/blob/organize/complete-results-20260921/instances/kottenpark09/README.md,=best=     kottenpark09                             1715.0,73 | 36000.0 1 stop ok 27335ea8 | 1e+20 183.5 -- | kottenpark09,False,True,No difference above 1e-7,Improved,,1715,230
liu,original112,open,1082,1074,0.00739371534195933456561922365988909426987060998,1083.984782,1.984782,560,514,False,Historical evidence grade; see instance report,"1,074 (area + even-lattice certificate)","Feasible; target-1,080 critical-path study closes two restricted neighborhoods, but global optimum remains open",,,,https://github.com/Huangyc98/MIPLIB_openproblem/blob/organize/complete-results-20260921/instances/liu/README.md,=best=     liu                                      1083.984782,74 | 36000.0 175645240 stop ok 2252444d | 1110 560 49.5 | liu,True,True,Attributed improvement,Improved,,1082,1074
lr1dr02vc05v8a-t360,original112,open,123046.81611861245,,,123046.8149370308,-0.00118158165,120969.134,,False,Historical evidence grade; see instance report,no new bound,Route RVND/ILS and capacity-preserving compound exchanges tested; global optimum open,,,,https://github.com/Huangyc98/MIPLIB_openproblem/blob/organize/complete-results-20260921/instances/lr1dr02vc05v8a-t360/README.md,=best=     lr1dr02vc05v8a-t360                      123046.8149370308,75 | 36000.0 134076 stop ok 18f1ef42 | 406264.885 120969.134 70.2 | lr1dr02vc05v8a-t360,False,False,Above v36 primal,No final dual archived,,123046.81611861245,no new bound
lr1dr04vc05v17a-t360,parallel10_20260927,open,251302.15103616536,247852.13666420686,0.0137285509007123540872414317615110354285408375,252463.0,1160.84896383464,247825.753,26.38366420686,False,Historical evidence grade; see instance report,Validated global bound from solver or structural relaxation,Numerical optimality accepted; experiment baseline and frozen v36 compared separately.,,,,https://github.com/Huangyc98/MIPLIB_openproblem/blob/organize/complete-results-20260921/instances/lr1dr04vc05v17a-t360/README.md,=best=     lr1dr04vc05v17a-t360                     252463.0,76 | 36000.0 38100 stop ok 866c05d5 | 1030112.21 247825.753 75.9 | lr1dr04vc05v17a-t360,True,True,Attributed improvement,Improved,,251302.15103616536,247852.13666420686
lr1dr12vc10v70b-t360,fresh_next10_20261005,open,999429.32494537874570974,985808.9916935659,0.0136281104745022667785573974263926799561840064,1000790.979722782,1361.65477740325429026,984474.155,1334.8366935659,False,"Exact rational original-MPS feasibility, zero residual",See separately reported numerical and independent exact bounds,Not established; numerical global bound and independently exact count-split bound are separate,,97bde503739b9169b1f207d1bb4fff249016915bb0bb24683248d10710cf1701,c6a507bbf0514d5cdfe26dc6f4ed6ab819baf15b359e6f1cf8ab0a68dde1f982,https://github.com/Huangyc98/MIPLIB_openproblem/blob/organize/complete-results-20260921/instances/lr1dr12vc10v70b-t360/README.md,=best=     lr1dr12vc10v70b-t360                     1000790.979722782,77 | 36000.0 1 stop ok 91f066e5 | 10146375 984474.155 90.3 | lr1dr12vc10v70b-t360,True,True,Attributed improvement,Improved,,999429.32494537874570974,985808.9916935659
lr2-22dr3-333vc4v17a-t60,parallel10_20260928,open,-27640.919481503304,-30627.15922614767,0.0975029947307319925959401745349896172060478935,-27262.58917622233,378.330305280974,-71836.9293,41209.77007385233,False,Historical evidence grade; see instance report,Accepted global solver or structural bound,Five substantive primal improvements and two optima. Sutlej strict optimum -1048730.8; numerical-tolerance incumbent separate. Vouga large-M tolerance artifact excluded.,,,,https://github.com/Huangyc98/MIPLIB_openproblem/blob/organize/complete-results-20260921/instances/lr2-22dr3-333vc4v17a-t60/README.md,=best=     lr2-22dr3-333vc4v17a-t60                 -27262.58917622233,78 | 36000.0 11069 stop ok ae0ccc0d | 1e+20 -71836.9293 -- | lr2-22dr3-333vc4v17a-t60,True,True,Attributed improvement,Improved,,-27640.919481503304,-30627.15922614767
milo-v12-6-r1-75-1,original112,open,1153756.398205675,1125907.0416245167,0.0241379866880649095112816438191202541071433709,1153756.39820567,-5E-9,1135852.03,-9944.9883754833,False,Historical evidence grade; see instance report,"1,125,907.0416245167 (solver)","2.4138% numerical gap; 5,236 fixed-topology tests; global optimum open",,,,https://github.com/Huangyc98/MIPLIB_openproblem/blob/organize/complete-results-20260921/instances/milo-v12-6-r1-75-1/README.md,=best=     milo-v12-6-r1-75-1                       1153756.39820567,79 | 36000.0 2496159 stop ok 17c7950 | 1153880.23 1135852.03 1.6 | milo-v12-6-r1-75-1,False,False,No difference above 1e-7,Below historical COPT bound,,1153756.398205675,1125907.0416245167
milo-v13-4-3d-4-0,original112,open,358152.26219370891,221230.41433552347,0.382300664581954797123559506040266619242520761,358152.2621937089,-1E-11,253283.451,-32053.03666447653,False,Historical evidence grade; see instance report,"221,230.41433552347 (solver)",Same verified design; prior member-radius-7 result retained; global optimum open,,,,https://github.com/Huangyc98/MIPLIB_openproblem/blob/organize/complete-results-20260921/instances/milo-v13-4-3d-4-0/README.md,=best=     milo-v13-4-3d-4-0                        358152.2621937089,80 | 36000.0 16552843 stop ok 7c306ec | 372996.505 253283.451 32.1 | milo-v13-4-3d-4-0,False,False,No difference above 1e-7,Below historical COPT bound,,358152.26219370891,221230.41433552347
mining,original112,open,-833589149.2736538586882046,-835361895.5863052144840282387439,0.00212212972846593639540200154691997643190612613,-833589149.2736579,-0.0000040413117954,-933493233,98131337.4136947855159717612561,False,Historical evidence grade; see instance report,"-835,361,895.5863052144840282387439 (strict)",Exact certified interval; 0.2126642740% gap; global optimum open,,,,https://github.com/Huangyc98/MIPLIB_openproblem/blob/organize/complete-results-20260921/instances/mining/README.md,=best=     mining                                   -833589149.2736579,81 | 36000.0 574 stop ok ad0b670d | 321480421 -933493233 134.4 | mining,False,True,Above v36 primal,Improved,,-833589149.2736538586882046,-835361895.5863052144840282387439
minutedispatchstrategy,original112,optimal,3109.9034777596576,3109.9034777596576,0,3109.903477759654,-3.6E-12,3109.78686,0.1166177596576,False,Historical evidence grade; see instance report,"3,109.9034777596576 (Gurobi)","Repository computational closure; official page still `open`; strict primal audit, not yet incorporated into or confirmed by MIPLIB, and no portable exact lower-bound certificate",,,,https://github.com/Huangyc98/MIPLIB_openproblem/blob/organize/complete-results-20260921/instances/minutedispatchstrategy/README.md,=best=     minutedispatchstrategy                   3109.903477759654,82 | 36000.0 6990465 stop ok 83160615 | 3109.90308 3109.78686 0.0037 | minutedispatchstrategy,False,True,No difference above 1e-7,Improved,NS,3109.9034777596576,3109.9034777596576
momentum3,parallel10_20261004,open,173202.18557350038,107995.45322036758,0.376477537724035000215508783813008078332857164,173202.1762194289,-0.00935407148,96179.1231,11816.33012036758,False,tolerance_1e-9,numerical,UMTS station/user and power-repair neighborhoods produce no material primal improvement. Original-row scaling and audited power/conflict/clique inequalities strengthen the numerical global bound. The final integer decisions equal the repaired baseline decisions.,,b018dcc2ef25b23783995cbdc90f4b7ecd4052a37ec51d6931d2e4a1c9310b24,58edb4d840c79e7b977d98f52922ecb6bcd5ced0f7e0cbdf10577fd75721c27c,https://github.com/Huangyc98/MIPLIB_openproblem/blob/organize/complete-results-20260921/instances/momentum3/README.md,=best=     momentum3                                173202.1762194289,83 | 36000.0 1463 stop ok 84d52564 | 479667.005 96179.1231 79.9 | momentum3,False,True,Above v36 primal,Improved,,173202.18557350038,107995.45322036758
n3700,original112,open,1247295,1063103.147061621,0.147673046824030401789472418313229829350714947,1218974.9999999998,-28320.0000000002,1065546,-2442.852938379,False,Historical evidence grade; see instance report,"1,063,103.147061621",Feasible; fixed-charge/network repair tested; global optimum open,,,,https://github.com/Huangyc98/MIPLIB_openproblem/blob/organize/complete-results-20260921/instances/n3700/README.md,=best=     n3700                                    1218974.9999999998,84 | 36000.0 354747 stop ok 9bb61f17 | 1273714 1065546 16.3 | n3700,False,False,Above v36 primal,Below historical COPT bound,,1247295,1063103.147061621
n3705,parallel10_20261004,open,1208356,1129725,0.0650727103601918639871031384790574963007590478,1212657.0,4301,1064197.11,65527.89,False,exact,exact,Joint fixed-charge transportation neighborhoods improve the primal by4301. Complete integer star pricing gives an exact Lagrangian bound1129724.250837; the proved integer-optimum property strengthens it to1129725.,,d0522a6d1d7f4328973618bc2194a57593afea6d6b6a7090c2252062b3b96002,df6ce21ea8d7168012d39234f2d71236c5a3c50aae329e143cc2aa082bf6c08b,https://github.com/Huangyc98/MIPLIB_openproblem/blob/organize/complete-results-20260921/instances/n3705/README.md,=best=     n3705                                    1212657.0,85 | 36000.0 307611 stop ok 1f701d8b | 1270797 1064197.11 16.3 | n3705,True,True,Attributed improvement,Improved,,1208356,1129725
n3707,parallel10_20261004,open,1185209,1102426,0.0698467527668115918795756697763854307552507617,1186691.0,1482,1035948.62,66477.38,False,exact,exact,"Joint component rewiring and flow repair improve the primal by1482. Complete exact transportation star pricing gives1102425.083897, strengthened to1102426 using the proved integer-optimum property.",,d75663bc3ea05e6dcde009e3bb044c9a76352629b6112abd00212a0d97d7298e,047bde9194c630045e416840f795630d31c8bc308cfc838e070aaf69fb83bd05,https://github.com/Huangyc98/MIPLIB_openproblem/blob/organize/complete-results-20260921/instances/n3707/README.md,=best=     n3707                                    1186691.0,86 | 36000.0 344155 stop ok a764d6ac | 1266798 1035948.62 18.2 | n3707,True,True,Attributed improvement,Improved,,1185209,1102426
n3709,fresh_next10_20261004,open,1205801,1146484,0.0491930260465864599548350017954869833413639564,1205801.0,0,1054892.55,91591.45,False,See original-decimal Fraction check in instance package,Exact integer/rational certificate or complete DP replay,Exact all-quantity source/sink star DP certificate and original source mapping,,8bb478b78790deb2fb6d5a0a0ccd7dbe5d86d6faa5820bb061c2dd4ac60d1508,ae6c20ecb30417431d8e9c881c5625bb400b2f0d23c1839cc54781e4bc89d9de,https://github.com/Huangyc98/MIPLIB_openproblem/blob/organize/complete-results-20260921/instances/n3709/README.md,=best=     n3709                                    1205801.0,87 | 36000.0 322459 stop ok 1846462c | 1278968 1054892.55 17.5 | n3709,False,True,No difference above 1e-7,Improved,,1205801,1146484
n370b,parallel10_20261004,open,1212433,1166799,0.0376383684706701318753283686603713359831017467,1220708.0,8275,1074178.91,92620.09,False,exact,exact,"Balanced blocks and joint flow/activation moves improve the primal by4333. Quantity-dependent cost splitting and two independent star DPs certify1166798.995818, hence the integer bound1166799.",,b5124efcd78f926f03592ba2889867775ceca7efbfc9a7ae97abc92245323a28,bcb7e4440fca83d923bece4258ce49594b270b108e109f616d257b4cf3d36abd,https://github.com/Huangyc98/MIPLIB_openproblem/blob/organize/complete-results-20260921/instances/n370b/README.md,=best=     n370b                                    1220708.0,88 | 36000.0 356475 stop ok 29abdaa4 | 1272503 1074178.91 15.6 | n370b,True,True,Attributed improvement,Improved,,1212433,1166799
nag,original112,open,930,550.5405405405405,0.408020924149956451612903225806451612903225806,945,15,465,85.5405405405405,False,Historical evidence grade; see instance report,550.540540540541,Feasible under the stated tolerance; global optimum open,,,,https://github.com/Huangyc98/MIPLIB_openproblem/blob/organize/complete-results-20260921/instances/nag/README.md,=best=     nag                                      945,89 | 36000.0 46535417 stop better c8577ef4 | 930 465 50.0 | nag,True,True,Attributed improvement,Improved,,930,550.5405405405405
nb10tb,parallel8_20260926,open,13796451833.34,13794494287.470173,0.000141887631216634002609092748978606785626812378,13796452423.08137,589.74137,13330171300,464322987.470173,False,Historical evidence grade; see instance report,Valid global solver bound or stronger independently exact bound,Global solver numerical optimality accepted; exact certificate supplementary. Experiment initial primal improvement: 1809.2635440826416,Use the archived exact primal value rather than the rounded or numerical catalogue display; the original display is retained separately.,,,https://github.com/Huangyc98/MIPLIB_openproblem/blob/organize/complete-results-20260921/instances/nb10tb/README.md,=best=     nb10tb                                   13796452423.08137,90 | 36000.0 615 stop ok 2272458c | 1.4161795e+10 1.33301713e+10 5.9 | nb10tb,True,True,Attributed improvement,Improved,,13796451833.34,13794494287.470173
neos-1420546,fresh_r01_r10_20261006,open,22936.28497777,22629.32917678247,0.0133829781625504568221704890376471155336138951,22948.10319799665,11.81822022665,22223.7073,405.62187678247,False,"Exact rational original-MPS feasibility, zero residual",independent_exact,"Original strict rational witness, separately graded numerical and independent exact dual evidence, verified core final-result packages; full trial archives retained locally.",,f81bfa65471b63fcfb3da05466c1d1cd0d00409fb1d5526390aac53924dcb27d,99ecc05ba1f102d92ca5d711d78d2ac3fed63523e113e528c0d10668e36b05e2,https://github.com/Huangyc98/MIPLIB_openproblem/blob/organize/complete-results-20260921/instances/neos-1420546/README.md,=best=     neos-1420546                             22948.10319799665,91 | 36000.0 923869 stop ok 55cbee60 | 23475.3705 22223.7073 5.3 | neos-1420546,True,True,Attributed improvement,Improved,,22936.28497777,22629.32917678247
neos-1420790,fresh_r01_r10_20261006,open,3119.806001594,3067.067291069953,0.0169044839637789184845905174666510402115254096,3119.805057682128,-0.000943911872,3003.05309,64.014201069953,False,"Exact rational original-MPS feasibility, zero residual",numerical_solver,"Original strict rational witness, separately graded numerical and independent exact dual evidence, verified core final-result packages; full trial archives retained locally.",,51881f45cd271b2ce013ec4d502d5ae09a327d85ea0425bd643841e7fe39114c,c87af0db7d6ac19c53767d71f1547acdbf3c1c94d7cafba14887ec8d56f400f6,https://github.com/Huangyc98/MIPLIB_openproblem/blob/organize/complete-results-20260921/instances/neos-1420790/README.md,=best=     neos-1420790                             3119.805057682128,92 | 36000.0 8243164 stop ok 3634e3f9 | 3142.39267 3003.05309 4.4 | neos-1420790,False,True,Above v36 primal,Improved,,3119.806001594,3067.067291069953
neos-1423785,fresh_next10_20261004,open,21893.333343320162,20707.76431845254,0.0541520565313709511026286854245281471854448902,21893.26,-0.073343320162,20327.177,380.58731845254,False,See original-decimal Fraction check in instance package,Numerical global bound with structural audits; no independent exact lower-bound certificate is claimed,"7462 exact copy eliminations; 960 complementary pairs; four-link joint neighborhoods, near-point recourse and periodic search; 99 audited local-cost valid inequalities added individually to complete model",,1edafd04a6563c5c9e23705f999bb8517db7233d004474702310009d32321584,,https://github.com/Huangyc98/MIPLIB_openproblem/blob/organize/complete-results-20260921/instances/neos-1423785/README.md,=best=     neos-1423785                             21893.26,93 | 36000.0 808539 stop ok 9bd8d19f | 22411.3333 20327.177 9.3 | neos-1423785,False,True,Above v36 primal,Improved,,21893.333343320162,20707.76431845254
neos-2629914-sudost,original112,optimal,48180,48180,0,48180,0,42387.0653,5792.9347,False,Historical evidence grade; see instance report,"48,180","Optimal, exact QAP/cut-enumeration certificate",,,,https://github.com/Huangyc98/MIPLIB_openproblem/blob/organize/complete-results-20260921/instances/neos-2629914-sudost/README.md,=best=     neos-2629914-sudost                      48180,94 | 36000.0 359771 stop ok 57b9f3c3 | 48364 42387.0653 12.4 | neos-2629914-sudost,False,True,No difference above 1e-7,Improved,PE,48180,48180
neos-2974461-ibar,parallel15_20261003,open,468906174.771,443920829.19063455,0.0532843176837403746060212275617374011157730325,468906174.771,0,429197921,14722908.19063455,False,Historical evidence grade; see instance report,numerical_global_with_exact_source_audit,"The lower bound is numerical COPT on a full source-audited global model, with structural signatures and exported row/domain/objective checks. The original feasible incumbent is unchanged. Reduced or fixed primal neighborhoods are excluded from global aggregation.",,ee834b84c20caa6b256cf830154dc5c546f6dd516abbdf512989dc087bcdbd22,33acd09613898fc2c5bda023e5d3a20730a29e6fcf40a6c23bd7c341f3a38e3e,https://github.com/Huangyc98/MIPLIB_openproblem/blob/organize/complete-results-20260921/instances/neos-2974461-ibar/README.md,=best=     neos-2974461-ibar                        468906174.771,95 | 36000.0 1 stop ok 9fd04b59 | 631433709 429197921 32.0 | neos-2974461-ibar,False,True,No difference above 1e-7,Improved,,468906174.771,443920829.19063455
neos-2978205-isar,original112,optimal,-11.925808687,-11.925808687,0,-11.92580869,-3E-9,-11.9872276,0.061418913,False,Historical evidence grade; see instance report,-11.925808687,"Optimal, computational global conclusion; exact symmetry quotient and lift with no portable formal lower-bound trace",,,,https://github.com/Huangyc98/MIPLIB_openproblem/blob/organize/complete-results-20260921/instances/neos-2978205-isar/README.md,=best=     neos-2978205-isar                        -11.92580869,96 | 36000.0 1554468 stop ok 5f1a69d6 | -11.9258087 -11.9872276 0.5124 | neos-2978205-isar,False,True,No difference above 1e-7,Improved,NS,-11.925808687,-11.925808687
neos-2991472-kalu,parallel10_20261004,optimal,12,12,0,12,0,0,12,False,exact,exact,All13392 dense mode rows are audited. An equivalent item-pattern model closes under both COPT and Gurobi. A solver-independent proof then excludes all four possible improving omission sets using141 finite infeasibility states and6564 independently checked branches.,,cea111dd129e29478744e8df9efdc9146847b4495abf9a60dbd74038b60a5a9b,f2cdf51848e8e518ba45177519d5fa2d91baa8c6af69804b44dff835c4ac1160,https://github.com/Huangyc98/MIPLIB_openproblem/blob/organize/complete-results-20260921/instances/neos-2991472-kalu/README.md,=best=     neos-2991472-kalu                        12,97 | 36000.0 1714578 stop ok fd84250d | 12 0 -- | neos-2991472-kalu,False,True,No difference above 1e-7,Improved,IV,12,12
neos-3009394-lami,original112,optimal,5.5,5.5,0,5.5,0,1.92857143,3.57142857,False,Historical evidence grade; see instance report,5.5,"Optimal, exact Hall/matching certificate",,,,https://github.com/Huangyc98/MIPLIB_openproblem/blob/organize/complete-results-20260921/instances/neos-3009394-lami/README.md,=best=     neos-3009394-lami                        5.5,98 | 36000.0 245860428 stop ok 5ea711fa | 5.5 1.92857143 64.9 | neos-3009394-lami,False,True,No difference above 1e-7,Improved,PE,5.5,5.5
neos-3208254-reiu,parallel10_20261004,optimal,-34902,-34902,0,-34897.00052514407,4.99947485593,-38606.2553,3704.2553,False,exact,exact,"The original model implies a rooted binary tree with exact ancestry. A Huffman lower bound plus a tail/cherry correction gives -34902, attained by an independently checked original witness.",,915ac138ce9e201252f5e65d9547d372fb0cd74ee911b4f1a3e39f79be5240e5,7abc32209a2f0f90b83e959ba4ddc196a7793b4287b235bdc1c7f6f441344abc,https://github.com/Huangyc98/MIPLIB_openproblem/blob/organize/complete-results-20260921/instances/neos-3208254-reiu/README.md,=best=     neos-3208254-reiu                        -34897.00052514407,99 | 1535.3 0 stop ok 2913eedc | 1e+20 -38606.2553 -- | neos-3208254-reiu,True,True,Attributed improvement,Improved,IV,-34902,-34902
neos-3355120-tarago,original112,open,-11110906.689290019,-11123832.676970437,0.00116200846019362975861388033323021388200005957,-11115971.493905,-5064.804614981,-11712060.9,588228.223029563,False,Historical evidence grade; see instance report,"-11,123,832.676970437",Feasible; incumbent-centered binary exchange attempted; 0.1163% gap remains,,,,https://github.com/Huangyc98/MIPLIB_openproblem/blob/organize/complete-results-20260921/instances/neos-3355120-tarago/README.md,=best=     neos-3355120-tarago                      -11115971.493905,100 | 36000.0 208348 stop ok c363796f | -9056920.56 -11712060.9 22.7 | neos-3355120-tarago,False,True,Above v36 primal,Improved,,-11110906.689290019,-11123832.676970437
neos-3355323-arnon,original112,open,,,,,,0,,False,Historical evidence grade; see instance report,no infeasibility certificate,Exact order-CSP/CNF search remains unknown,,,,https://github.com/Huangyc98/MIPLIB_openproblem/blob/organize/complete-results-20260921/instances/neos-3355323-arnon/README.md,=unkn=     neos-3355323-arnon                       ,101 | 36000.0 53396532 stop ok 69891086 | 1e+20 0 -- | neos-3355323-arnon,False,False,No finite primal archived,No final dual archived,,no feasible witness,no infeasibility certificate
neos-3594536-henty,original112,optimal,401092,401092,0,401223.0,131,397821.689,3270.311,False,Historical evidence grade; see instance report,"401,092 (Gurobi/COPT)","Computational optimum; exact primal audit, no portable exact lower-bound certificate",,,,https://github.com/Huangyc98/MIPLIB_openproblem/blob/organize/complete-results-20260921/instances/neos-3594536-henty/README.md,=best=     neos-3594536-henty                       401223.0,102 | 18161.9 5503533 stop ok eea03e26 | 401804 397821.689 0.9911 | neos-3594536-henty,True,True,Attributed improvement,Improved,NS,401092,401092
neos-3603137-hoteo,original112,open,,,,,,0,,False,Historical evidence grade; see instance report,CP and SAT UNKNOWN,Global feasibility open; no UNSAT proof,,,,https://github.com/Huangyc98/MIPLIB_openproblem/blob/organize/complete-results-20260921/instances/neos-3603137-hoteo/README.md,=unkn=     neos-3603137-hoteo                       ,103 | 36000.0 91624030 stop ok d136b271 | 1e+20 0 -- | neos-3603137-hoteo,False,False,No finite primal archived,No final dual archived,,no feasible point,CP and SAT UNKNOWN
neos-3615091-sutlej,parallel10_20260928,optimal,-1048730.8,-1048730.8,0,-1048730.937912077,-0.137912077,-1404604.89,355874.09,False,Historical evidence grade; see instance report,Accepted global solver or structural bound,Five substantive primal improvements and two optima. Sutlej strict optimum -1048730.8; numerical-tolerance incumbent separate. Vouga large-M tolerance artifact excluded.,"Use strict original-model optimum -1048730.8. The catalogue display -1048730.9379120774 is a tolerance incumbent, retained separately.",,,https://github.com/Huangyc98/MIPLIB_openproblem/blob/organize/complete-results-20260921/instances/neos-3615091-sutlej/README.md,=best=     neos-3615091-sutlej                      -1048730.937912077,104 | 36000.0 8825 stop ok b5cf5d22 | -637757.4 -1404604.89 54.6 | neos-3615091-sutlej,False,True,Above v36 primal,Improved,IV,-1048730.8,-1048730.8
neos-3634244-kauru,original112,open,1398.0156859,,,1398.014670518538,-0.001015381462,239.044636,,False,Historical evidence grade; see instance report,no new certified global bound,Equitable-minimax-clustering recovery; no incumbent improvement claimed,,,,https://github.com/Huangyc98/MIPLIB_openproblem/blob/organize/complete-results-20260921/instances/neos-3634244-kauru/README.md,=best=     neos-3634244-kauru                       1398.014670518538,105 | 36000.0 136667 stop ok b9e50e1b | 1398.01569 239.044636 82.9 | neos-3634244-kauru,False,False,Above v36 primal,No final dual archived,,1398.0156859,no new certified global bound
neos-3682128-sandon,subsequent20,optimal,34666770,34666770,0,34666767.4743958,-2.5256042,21531270.9,13135499.1,False,Historical evidence grade; see instance report,dual skill Gurobi; general skill Gurobi,exact closure witness; complete machine-configuration enumeration with exact rational duals and an exact original-MPS lift,,,,https://github.com/Huangyc98/MIPLIB_openproblem/blob/organize/complete-results-20260921/skills-research/comparisons/per_instance_comparison.csv,=best=     neos-3682128-sandon                      34666767.4743958,106 | 36000.0 2246715 stop ok d3e90886 | 34666770 21531270.9 37.9 | neos-3682128-sandon,False,True,Above v36 primal,Improved,PE,34666770,34666770
neos-3691541-lonja,original112,open,0.0918239856,,,-0.007441450579999998,-0.099265436179999998,-0.019851233,,False,Historical evidence grade; see instance report,no new certified global bound,Exact subset witnesses plus complete-hint CP-SAT; public lower-valued pattern fails zero-tolerance feasibility; global optimum open,,,,https://github.com/Huangyc98/MIPLIB_openproblem/blob/organize/complete-results-20260921/instances/neos-3691541-lonja/README.md,=best=     neos-3691541-lonja                       -0.007441450579999998,107 | 36000.0 38085271 stop ok 54f7e470 | 1e+20 -0.019851233 -- | neos-3691541-lonja,False,False,Above v36 primal,No final dual archived,,0.0918239856,no new certified global bound
neos-3695882-vesdre,fresh_next10_20261004,open,518.5,517.4,0.00212150433944069431051108968177434908389585342,518.3505480226543,-0.1494519773457,-7522.4774,8039.8774,False,See original-decimal Fraction check in instance package,Exact integer/rational certificate or complete DP replay,Complete exact integer DP with source mapping and valid optimum-lattice rounding,,76edcc47cf037cdc0f2e9d4b255e91e334eb93b6ca5e7747ba2aa60d21fadc7d,d48fa8288f4fab59f793079b769a5f66f5e7601c3c98be33707e43cb8768714d,https://github.com/Huangyc98/MIPLIB_openproblem/blob/organize/complete-results-20260921/instances/neos-3695882-vesdre/README.md,=best=     neos-3695882-vesdre                      518.3505480226543,108 | 36000.0 505664 stop ok 683a27a0 | 583.8 -7522.4774 107.8 | neos-3695882-vesdre,False,True,Above v36 primal,Improved,,518.5,517.4
neos-3754224-navua,fresh_r01_r10_20261006,open,166345.747187400683521027956891053406115318333,56490.87734419854,0.660400832005897789531506055730262855882133564,157909.0677610051,-8436.67942639558352102795689105340611531833266,56251.4076,239.46974419854,False,"Exact rational original-MPS feasibility, zero residual",numerical_solver,"Original strict rational witness, separately graded numerical and independent exact dual evidence, verified core final-result packages; full trial archives retained locally.","Improves repaired campaign start, but does not beat v36 headline 157909.0677610051.",5513e8219fdb4af32386ecb0d0c5d297154204545c9fb3970506cdde7c07ec5f,7e5d576709a78b73843fb8be17f50b6fbc016071e816c66144ea5c5ce34322e0,https://github.com/Huangyc98/MIPLIB_openproblem/blob/organize/complete-results-20260921/instances/neos-3754224-navua/README.md,=best=     neos-3754224-navua                       157909.0677610051,109 | 36000.0 58 stop ok 96166fd | 1e+20 56251.4076 -- | neos-3754224-navua,False,True,Above v36 primal,Improved,,166345.747187400683521027956891053406115318333,56490.87734419854
neos-4230265-orari,parallel8_20260926,open,72572,31528.00000001231,0.565562475885847020889599294493744143746899631,73755.00000000189,1183.00000000189,21013.257,10514.74300001231,False,Historical evidence grade; see instance report,Valid global solver bound or stronger independently exact bound,Global solver numerical optimality accepted; exact certificate supplementary. Experiment initial primal improvement: 18738.199999999997,,,,https://github.com/Huangyc98/MIPLIB_openproblem/blob/organize/complete-results-20260921/instances/neos-4230265-orari/README.md,=best=     neos-4230265-orari                       73755.00000000189,110 | 36000.0 17245 stop ok d6b3013e | 952898 21013.257 97.8 | neos-4230265-orari,True,True,Attributed improvement,Improved,,72572,31528.00000001231
neos-4232544-orira,parallel10_20260927,open,5547858.8,5099038.414253532,0.0808997492413592069069962631348872830000648178,5538597.399999999,-9261.400000001,5070682.61,28355.804253532,False,Historical evidence grade; see instance report,Validated global bound from solver or structural relaxation,Numerical optimality accepted; experiment baseline and frozen v36 compared separately.,,,,https://github.com/Huangyc98/MIPLIB_openproblem/blob/organize/complete-results-20260921/instances/neos-4232544-orira/README.md,=best=     neos-4232544-orira                       5538597.399999999,111 | 36000.0 150010 stop better e327aee2 | 17443899 5070682.61 70.9 | neos-4232544-orira,False,True,Above v36 primal,Improved,,5547858.8,5099038.414253532
neos-4264598-oueme,parallel8_20260926,open,6207553.6,5468401.531838727,0.119073006177711135671869188531855770041196261,5997393.477697832,-210160.122302168,5388920.94,79480.591838727,False,Historical evidence grade; see instance report,Valid global solver bound or stronger independently exact bound,Global solver numerical optimality accepted; exact certificate supplementary. Experiment initial primal improvement: 89455.0,,,,https://github.com/Huangyc98/MIPLIB_openproblem/blob/organize/complete-results-20260921/instances/neos-4264598-oueme/README.md,=best=     neos-4264598-oueme                       5997393.477697832,112 | 36000.0 60476 stop ok cd3280b4 | 6426944.8 5388920.94 16.2 | neos-4264598-oueme,False,True,Above v36 primal,Improved,,6207553.6,5468401.531838727
neos-4285819-pedja,parallel15_20261003,open,88.49933630640803,62.376611386884534,0.295174246607677786307992939321114343826351607,88.49933630640803,0,63.3949254,-1.018314013115466,False,Historical evidence grade; see instance report,numerical_global_with_exact_source_audit,"Exact interval propagation on both binary-gated branches justifies tightening 617068 big-M rows. The independent export audit verifies the complete matrix, bounds, types and objective. Full tight-M COPT tree gives global numerical bound 62.376611386884534, compared with initial 62.35413501686672. Primal is unchanged; local transplant bounds are excluded.",,b11153eab3dac1345a205fddb182b81dbef6f52e00cc645db4837f575951a266,d7d8c51d4793ced187c216197cfd6f65c1358ac59cbd5ff2a1fd923fc2ba9cf7,https://github.com/Huangyc98/MIPLIB_openproblem/blob/organize/complete-results-20260921/instances/neos-4285819-pedja/README.md,=best=     neos-4285819-pedja                       88.49933630640803,113 | 36000.0 1 stop ok 40483fd3 | 1e+20 63.3949254 -- | neos-4285819-pedja,False,False,No difference above 1e-7,Below historical COPT bound,,88.49933630640803,62.376611386884534
neos-4290317-perth,fresh_next10_20261004,optimal,3017171.1907786024,3017171.1907786024,0,3017215.871431054,44.6806524516,3017032.16,139.0307786024,False,See original-decimal Fraction check in instance package,Numerical global bound with structural audits; no independent exact lower-bound certificate is claimed,"Solver numerical optimality, not exact arithmetic optimality",,8e2853609cdaaf9c53e7f9344245a6813192dbbcc52f23bf8fca13d35f73fe24,,https://github.com/Huangyc98/MIPLIB_openproblem/blob/organize/complete-results-20260921/instances/neos-4290317-perth/README.md,=best=     neos-4290317-perth                       3017215.871431054,114 | 19123.6 10175674 stop ok fc45f7a0 | 3021459.35 3017032.16 0.1465 | neos-4290317-perth,True,True,Attributed improvement,Improved,IV,3017171.1907786024,3017171.1907786024
neos-4292145-piako,parallel8_20260926,open,27660,27570.100000000024,0.00325018076644887924801156905278380332610267534,19229.99836942454,-8430.00163057546,15702.1569,11867.943100000024,False,Historical evidence grade; see instance report,Valid global solver bound or stronger independently exact bound,Global solver numerical optimality accepted; exact certificate supplementary. Experiment initial primal improvement: 462.5,,,,https://github.com/Huangyc98/MIPLIB_openproblem/blob/organize/complete-results-20260921/instances/neos-4292145-piako/README.md,=best=     neos-4292145-piako                       19229.99836942454,115 | 36000.0 15613 stop ok 258ef61e | 1e+20 15702.1569 -- | neos-4292145-piako,False,True,Above v36 primal,Improved,,27660,27570.100000000024
neos-4355351-swalm,original112,optimal,33.45763,33.45763,0,33.45757454008309,-0.00005545991691,33.45763,0,False,Historical evidence grade; see instance report,33.45763,"Optimal, exact state-Steiner DP and zero-violation witness",,,,https://github.com/Huangyc98/MIPLIB_openproblem/blob/organize/complete-results-20260921/instances/neos-4355351-swalm/README.md,=best=     neos-4355351-swalm                       33.45757454008309,116 | 12820.9 9257 ok ok 7312c0cc | 33.45763 33.45763 0.0000 | neos-4355351-swalm,False,False,Above v36 primal,No difference above 1e-7,PE,33.45763,33.45763
neos-4358725-tagus,parallel10_20261004,optimal,32225.700099,32225.700099,0,4206.140099965,-28019.559999035,2378.09139,29847.608709,False,exact,exact,An exact rational source audit and service/procurement/inventory dynamic program give the matching lower bound 32225.700099. The official headline conflicts with this hashed model; its explanation remains unresolved.,Official headline 4206.140099965 has no downloaded witness and conflicts with the certified optimum of the hashed downloaded model; reason unresolved; no public-record improvement claimed.,35774eb0a2ba25e77b554589799c4985d571fc1c5a1cfc12fe388cedf99a0559,597d1de891c4f98c7758410e2a5dd78c3859554cc92099e02acab52529ef808f,https://github.com/Huangyc98/MIPLIB_openproblem/blob/organize/complete-results-20260921/instances/neos-4358725-tagus/README.md,=best=     neos-4358725-tagus                       4206.140099965,117 | 36000.0 213820 stop ok a4f2f449 | 64139.8588 2378.09139 96.3 | neos-4358725-tagus,False,False,Excluded: model/public-record conflict,Excluded: model/public-record conflict,IV,32225.700099,32225.700099
neos-4360552-sangro,original112,optimal,-8,-8,0,-8.0,0,-12.0644768,4.0644768,False,Historical evidence grade; see instance report,-8,"Optimal, exact active-layer quotient and A=9 relaxed infeasibility",,,,https://github.com/Huangyc98/MIPLIB_openproblem/blob/organize/complete-results-20260921/instances/neos-4360552-sangro/README.md,=best=     neos-4360552-sangro                      -8.0,118 | 36000.0 17597 stop ok 4fe8814d | -6 -12.0644768 50.3 | neos-4360552-sangro,False,True,No difference above 1e-7,Improved,EX,-8,-8
neos-4531126-vouga,parallel10_20260928,open,525030.8846193,524657.381878,0.000711391943296491810787425262357228370249869854,13216.63396836053,-511814.25065093947,412238.281,112419.100878,False,Historical evidence grade; see instance report,Accepted global solver or structural bound,Five substantive primal improvements and two optima. Sutlej strict optimum -1048730.8; numerical-tolerance incumbent separate. Vouga large-M tolerance artifact excluded.,,,,https://github.com/Huangyc98/MIPLIB_openproblem/blob/organize/complete-results-20260921/instances/neos-4531126-vouga/README.md,=best=     neos-4531126-vouga                       13216.63396836053,119 | 36000.0 2392 stop ok e4a14f2 | 1e+20 412238.281 -- | neos-4531126-vouga,False,True,Above v36 primal,Improved,,525030.8846193,524657.381878
neos-4533806-waima,original112,open,4870,3956,0.187679671457905544147843942505133470225872690,4870,0,4249.09466,-293.09466,False,Historical evidence grade; see instance report,"3,956 (solver)",Exact aggregation and path-component LNS completed; no improvement; global optimum open,,,,https://github.com/Huangyc98/MIPLIB_openproblem/blob/organize/complete-results-20260921/instances/neos-4533806-waima/README.md,=best=     neos-4533806-waima                       4870,120 | 36000.0 113582 stop ok fca35055 | 4936 4249.09466 13.9 | neos-4533806-waima,False,False,No difference above 1e-7,Below historical COPT bound,,4870,3956
neos-4535459-waipa,parallel15_20261003,open,23331046,15474160.819061,0.336756662386204201903335152654535934651193950,26040609.0,2709563,0,15474160.819061,False,Historical evidence grade; see instance report,exact_original_global_lower_bound,Source-audited 800-job/200-machine flowshop single-job insertion descent improves primal from 26040609 to 23331046. Reconstruct the full original variable vector and verify all original rows/domains. Job head/tail inequalities plus nested-prefix assignment potentials prove the exact dual 15474160819061/1000000; the independent certificate checker verifies all 640000 potential inequalities. Relaxation optima are not original-model optimality results.,,ee0f4b75e65056cfb4a037871d815412299a6ecc13b5cae88618396345d3a591,9487b741164e730bc52133ca519eb27ce5766658dc277441a65ecbefa77e4d72,https://github.com/Huangyc98/MIPLIB_openproblem/blob/organize/complete-results-20260921/instances/neos-4535459-waipa/README.md,=best=     neos-4535459-waipa                       26040609.0,121 | 663.6 0 stop ok 70786c0a | 1e+20 0 -- | neos-4535459-waipa,True,True,Attributed improvement,Improved,,23331046,15474160.819061
neos-4545615-waita,fresh_next10_20261005,open,6311,6021,0.0459515132308667406116304864522262715892885438,6311.0,0,3753.09803,2267.90197,False,"Exact rational original-MPS feasibility, zero residual",See separately reported numerical and independent exact bounds,Exact original witness and independent DP lower certificate; unequal bounds leave the problem open,,18e18a6dc005a89592c2e3d165ce657fe7e5c0d78de19f2d0d0fe3f7079e1861,69eb000cd9ccb9200626015c73c9baad55dff20689f94e5a5db9ca6d9b3b0fd3,https://github.com/Huangyc98/MIPLIB_openproblem/blob/organize/complete-results-20260921/instances/neos-4545615-waita/README.md,=best=     neos-4545615-waita                       6311.0,122 | 36000.0 7910 stop ok fd3aaed1 | 1e+20 3753.09803 -- | neos-4545615-waita,False,True,No difference above 1e-7,Improved,,6311,6021
neos-4555749-wards,parallel10_20260927,optimal,3759,3759,0,3759,0,3187.97075,571.02925,False,Historical evidence grade; see instance report,Validated global bound from solver or structural relaxation,Numerical optimality accepted; experiment baseline and frozen v36 compared separately.,,,,https://github.com/Huangyc98/MIPLIB_openproblem/blob/organize/complete-results-20260921/instances/neos-4555749-wards/README.md,=best=     neos-4555749-wards                       3759,123 | 36000.0 58559 stop ok 512f4592 | 3796 3187.97075 16.0 | neos-4555749-wards,False,True,No difference above 1e-7,Improved,IV,3759,3759
neos-4562542-watut,parallel10_20260928,optimal,5684,5684,0,5684,0,4706.80045,977.19955,False,Historical evidence grade; see instance report,Accepted global solver or structural bound,Five substantive primal improvements and two optima. Sutlej strict optimum -1048730.8; numerical-tolerance incumbent separate. Vouga large-M tolerance artifact excluded.,,,,https://github.com/Huangyc98/MIPLIB_openproblem/blob/organize/complete-results-20260921/instances/neos-4562542-watut/README.md,=best=     neos-4562542-watut                       5684,124 | 36000.0 42743 stop ok 13b4a1ce | 5882 4706.80045 20.0 | neos-4562542-watut,False,True,No difference above 1e-7,Improved,IV,5684,5684
neos-4647032-veleka,parallel8_20260926,optimal,27214.4801,27214.4801,0,27214.4801,0,27213.9842,0.4959,False,Historical evidence grade; see instance report,Valid global solver bound or stronger independently exact bound,Global solver numerical optimality accepted; exact certificate supplementary. Experiment initial primal improvement: 0,,,,https://github.com/Huangyc98/MIPLIB_openproblem/blob/organize/complete-results-20260921/instances/neos-4647032-veleka/README.md,=best=     neos-4647032-veleka                      27214.4801,125 | 4403.9 9908956 stop ok ffd03bf7 | 27214.9404 27213.9842 0.0035 | neos-4647032-veleka,False,True,No difference above 1e-7,Improved,IV,27214.4801,27214.4801
neos-5041822-cockle,parallel10_20260928,open,5724245.653988138,5701917.817099073,0.00390057279835797707268244402357302451838619559,5724245.704467608,0.05047947,5697141.9,4775.917099073,False,Historical evidence grade; see instance report,Accepted global solver or structural bound,Five substantive primal improvements and two optima. Sutlej strict optimum -1048730.8; numerical-tolerance incumbent separate. Vouga large-M tolerance artifact excluded.,"Numerical difference shown, but frozen project attribution is not upgraded by this arithmetic audit.",,,https://github.com/Huangyc98/MIPLIB_openproblem/blob/organize/complete-results-20260921/instances/neos-5041822-cockle/README.md,=best=     neos-5041822-cockle                      5724245.704467608,126 | 36000.0 116014 stop ok 337ef2f2 | 5738997.18 5697141.9 0.7293 | neos-5041822-cockle,False,True,Numerically better; not project-attributed,Improved,,5724245.653988138,5701917.817099073
neos-5044663-wairoa,fresh_next10_20261005,open,4654500,4654300,0.0000429691696207970780964657857986894403265656891,4654484.555290672,-15.444709328,4654134.39,165.61,False,"Exact rational original-MPS feasibility, zero residual",See separately reported numerical and independent exact bounds,"Public headline4654484.555290672 fails strict original feasibility. Its canonical strict repair is4654500, which was not improved. Numerical4654300 uses an audited objective100 lattice and cutoff transfer; independent exact certificate proves4654200.",,f6e8f986ee3233edf9b63ce6cb4e9f535f805765734be1773de6669071a5fb1d,c48dda890f48b2dc59277f71fd70502406851a181381fe75735da858384857dd,https://github.com/Huangyc98/MIPLIB_openproblem/blob/organize/complete-results-20260921/instances/neos-5044663-wairoa/README.md,=best=     neos-5044663-wairoa                      4654484.555290672,127 | 36000.0 23197 stop ok bf9fb247 | 4680200 4654134.39 0.5569 | neos-5044663-wairoa,False,True,Above v36 primal,Improved,,4654500,4654300
neos-5045105-creuse,original112,open,20.571410408673,19.932229270717,0.0310713327505496818562563220877013332315496626,20.57124707548,-0.000163333193,20.1974827,-0.265253429283,False,Historical evidence grade; see instance report,19.932229270717,Feasible under solver tolerances; combined observed gap 3.1071%; strict verification and global optimum open,,,,https://github.com/Huangyc98/MIPLIB_openproblem/blob/organize/complete-results-20260921/instances/neos-5045105-creuse/README.md,=best=     neos-5045105-creuse                      20.57124707548,128 | 12388.9 51674345 stop ok 83d25248 | 20.5714299 20.1974827 1.8 | neos-5045105-creuse,False,False,Above v36 primal,Below historical COPT bound,,20.571410408673,19.932229270717
neos-5151569-mologa,parallel2_20260926,open,686721918.741876557859,686532411.3768101,0.000275959394762946903792303305716513318128468621,686748326.4866663,26407.744789742141,686479073,53338.3768101,False,Historical evidence grade; see instance report,Numerical global solver bound on source-audited formulations,"Concurrent primal/dual, up to 8 cores per role, 2-2.5 hours; latest public seed also improved; no optimality proof",,,,https://github.com/Huangyc98/MIPLIB_openproblem/blob/organize/complete-results-20260921/instances/neos-5151569-mologa/README.md,=best=     neos-5151569-mologa                      686748326.4866663,129 | 36000.0 877783 stop ok a899c903 | 687477160 686479073 0.1452 | neos-5151569-mologa,True,True,Attributed improvement,Improved,,686721918.741876557859,686532411.3768101
neos-5189128-totara,parallel10_20260927,open,2901877.800154694,2494433.172719,0.140407231281060092800671237777239607933624116,6459876.138513831,3557998.338359137,501198.807,1993234.365719,False,Historical evidence grade; see instance report,Validated global bound from solver or structural relaxation,Numerical optimality accepted; experiment baseline and frozen v36 compared separately.,,,,https://github.com/Huangyc98/MIPLIB_openproblem/blob/organize/complete-results-20260921/instances/neos-5189128-totara/README.md,=best=     neos-5189128-totara                      6459876.138513831,130 | 36000.0 131546 stop ok b37c0463 | 1e+20 501198.807 -- | neos-5189128-totara,True,True,Attributed improvement,Improved,,2901877.800154694,2494433.172719
neos-5221106-oparau,subsequent20,open,52.07,42.54,0.183022853850585749951987708853466487420779720,52.66999999999962,0.59999999999962,0,42.54,False,Historical evidence grade; see instance report,general skill Gurobi,historically accepted numerical witness; not uniformly revalidated; incumbent-capped exact mode-4 projection plus exact route exchange and assignment-radius search,,,,https://github.com/Huangyc98/MIPLIB_openproblem/blob/organize/complete-results-20260921/skills-research/comparisons/per_instance_comparison.csv,=best=     neos-5221106-oparau                      52.66999999999962,131 | 36000.0 9323762 stop ok a5647de6 | 1e+20 0 -- | neos-5221106-oparau,True,True,Attributed improvement,Improved,,52.07,42.54
neos-5266653-tugela,original112,open,65257.573990387,,,65505.2005752763,247.6265848893,40074.8618,,False,Historical evidence grade; see instance report,no new certified global bound,Three-vehicle-block LNS and two exact original-MPS audits; improves MIPLIB by 247.6265848893; global optimum open,,,,https://github.com/Huangyc98/MIPLIB_openproblem/blob/organize/complete-results-20260921/instances/neos-5266653-tugela/README.md,=best=     neos-5266653-tugela                      65505.2005752763,132 | 36000.0 1335060 stop ok c7776d72 | 86978.0071 40074.8618 53.9 | neos-5266653-tugela,True,False,Attributed improvement,No final dual archived,,65257.573990387,no new certified global bound
neos-848198,fresh_r01_r10_20261006,open,51797,49843,0.0377241925208023630712203409463868563816437245,51797.0,0,50021.1801,-178.1801,False,"Exact rational original-MPS feasibility, zero residual",numerical_solver,"Original strict rational witness, separately graded numerical and independent exact dual evidence, verified core final-result packages; full trial archives retained locally.",,fefaa6361a0b04426fb11b29de5a87a22536efa94334142f338b6e574e8cae0f,83073961bed7c53aa4d56291d3cf3d127a08e12688bc86e70ba0dda536f66b81,https://github.com/Huangyc98/MIPLIB_openproblem/blob/organize/complete-results-20260921/instances/neos-848198/README.md,=best=     neos-848198                              51797.0,133 | 36000.0 137020 stop ok 3bed17b4 | 54104 50021.1801 7.5 | neos-848198,False,False,No difference above 1e-7,Below historical COPT bound,,51797,49843
nj1,original112,open,382.0606208032,,,,,78.882279,,True,Historical evidence grade; see instance report,no new nontrivial strict global lower bound,"Tree/compound search, 21 pair, 39 anchor-fixed triple, and 67 anchor-fixed quad closures, plus a zero-tolerance audit; global optimum open",,,,https://github.com/Huangyc98/MIPLIB_openproblem/blob/organize/complete-results-20260921/instances/nj1/README.md,=unkn=     nj1                                      ,134 | 36000.0 894 stop ok 5ac4e572 | 1e+20 78.882279 -- | nj1,True,False,First finite solution,No final dual archived,,382.0606208032,no new nontrivial strict global lower bound
nj2,original112,open,382.0606208032,,,,,47.1019816,,True,Historical evidence grade; see instance report,no new nontrivial strict global lower bound,"Exact lift, local-neighborhood closures, and zero-tolerance audit; global optimum open",,,,https://github.com/Huangyc98/MIPLIB_openproblem/blob/organize/complete-results-20260921/instances/nj2/README.md,=unkn=     nj2                                      ,135 | 36000.0 319 stop ok facc962e | 1e+20 47.1019816 -- | nj2,True,False,First finite solution,No final dual archived,,382.0606208032,no new nontrivial strict global lower bound
nj3,original112,open,382.0606208032,,,,,26.6759647,,True,Historical evidence grade; see instance report,no new nontrivial strict global lower bound,"Exact `nj2 -> nj3` projection, label anchoring, local-neighborhood closures, and zero-tolerance audit; global optimum open",,,,https://github.com/Huangyc98/MIPLIB_openproblem/blob/organize/complete-results-20260921/instances/nj3/README.md,=unkn=     nj3                                      ,136 | 36000.0 351 stop ok 20def11f | 1e+20 26.6759647 -- | nj3,True,False,First finite solution,No final dual archived,,382.0606208032,no new nontrivial strict global lower bound
ns1456591,subsequent20,optimal,988.14128344,988.14128344,0,988.1405440676191,-0.0007393723809,459.574181,528.56710244,False,Historical evidence grade; see instance report,dual skill Gurobi; general skill Gurobi,exact closure witness; exact route quotient; Held-Karp/set-partition DP; rational complete-master dual; original-MPS lift,,,,https://github.com/Huangyc98/MIPLIB_openproblem/blob/organize/complete-results-20260921/skills-research/comparisons/per_instance_comparison.csv,=best=     ns1456591                                988.1405440676191,137 | 36000.0 14365855 stop ok 929a7bd | 1307.35364 459.574181 64.8 | ns1456591,False,True,Above v36 primal,Improved,PE,988.14128344,988.14128344
ns1631475,original112,optimal,11100,11100,0,11100,0,1659,9441,False,Historical evidence grade; see instance report,"11,100","Optimal, exact cyclic-cutwidth enumeration and audited witness",,,,https://github.com/Huangyc98/MIPLIB_openproblem/blob/organize/complete-results-20260921/instances/ns1631475/README.md,=best=     ns1631475                                11100,138 | 36000.0 47996 stop ok 8be8d2ce | 12150 1659 86.3 | ns1631475,False,True,No difference above 1e-7,Improved,EX,11100,11100
ns1679495,parallel10_20261004,open,2642035.19871373,2626815.66620823,0.00576053358899593825983764542784341714465884185,2642035.198713481,-2.49E-7,2556399.7,70415.96620823,False,exact,numerical,The original uncapacitated commodity-flow structure permits a487-arc shortest-path reduction. Exact station pricing and4163 independently checked conditional exclusions preserve an optimum. The strongest numerical dual is2626815.66620823; a separate exact certificate gives2612880.60890689.,,c7074c8761412f05e53da92de1afb1564816cd4363ad9c35fea88aa230d3b20a,958de5a37bc495cc59f5d24545ac400c2840aa182df0bb89f2f9476be7eb56fb,https://github.com/Huangyc98/MIPLIB_openproblem/blob/organize/complete-results-20260921/instances/ns1679495/README.md,=best=     ns1679495                                2642035.198713481,139 | 36000.0 369851 stop ok fe7cfdc0 | 7553657.86 2556399.7 66.2 | ns1679495,False,True,Above v36 primal,Improved,,2642035.19871373,2626815.66620823
ns1690781,fresh_next10_20261004,open,-928.1888286539681,-932.7213054566289,0.00485941167650486142965334031983430230365373112,-928.0853470314722,0.1034816224959,-1022.68453,89.9632245433711,False,See original-decimal Fraction check in instance package,Numerical global bound with exact structural audits; exact certificate bound separately disclosed,68 projects across40 periods; direct gates compact redundant cumulative constraints; whole-group all-period neighborhood improved original feasible point; pricing group schedules in parallel,,d11c31844cad9fa278433d7d1fd0efa1e986a066071e33760c33388476becd03,82a02021dfafb80cce109eac228f243d8b6b774319cd499e29d748de55892b0e,https://github.com/Huangyc98/MIPLIB_openproblem/blob/organize/complete-results-20260921/instances/ns1690781/README.md,=best=     ns1690781                                -928.0853470314722,140 | 36000.0 6245958 stop ok 684c5418 | -852.756115 -1022.68453 16.6 | ns1690781,True,True,Attributed improvement,Improved,,-928.1888286539681,-932.7213054566289
ns1828997,original112,open,8,,,7.99999999999967,-3.3E-13,0,,False,Historical evidence grade; see instance report,no new lower-bound-8 certificate,Exact 375-choice projection and cutoff-7 CNF; exact search remains unknown,,,,https://github.com/Huangyc98/MIPLIB_openproblem/blob/organize/complete-results-20260921/instances/ns1828997/README.md,=best=     ns1828997                                7.99999999999967,141 | 36000.0 33712793 stop better 20032d3e | 8 0 -- | ns1828997,False,False,No difference above 1e-7,No final dual archived,,8,no new lower-bound-8 certificate
ns1849932,parallel10_20260928,open,624,548,0.121794871794871794871794871794871794871794872,632.0,8,546,2,False,Historical evidence grade; see instance report,Accepted global solver or structural bound,Five substantive primal improvements and two optima. Sutlej strict optimum -1048730.8; numerical-tolerance incumbent separate. Vouga large-M tolerance artifact excluded.,,,,https://github.com/Huangyc98/MIPLIB_openproblem/blob/organize/complete-results-20260921/instances/ns1849932/README.md,=best=     ns1849932                                632.0,142 | 36000.0 135484 stop ok f370ea79 | 2353 546 76.8 | ns1849932,True,True,Attributed improvement,Improved,,624,548
ns1856153,subsequent20,open,34.01697312588408,32.6971654879775,0.0387985031185010532698004590267387233967378698,34.16346179965939,0.14648867377531,0,32.6971654879775,False,Historical evidence grade; see instance report,dual skill Gurobi,historically accepted numerical witness; not uniformly revalidated; exact connectivity projection; transpose/tree optimum-value equivalence; incumbent-cutoff interval big-M tightening,,,,https://github.com/Huangyc98/MIPLIB_openproblem/blob/organize/complete-results-20260921/skills-research/comparisons/per_instance_comparison.csv,=best=     ns1856153                                34.16346179965939,143 | 36000.0 55836 stop ok 3fe1c0af | 49.1310069 0 -- | ns1856153,True,True,Attributed improvement,Improved,,34.01697312588408,32.6971654879775
ns1904248,fresh_next10_20261005,open,35.26253512665094,23.69999969999989,0.327898586562831792641850178951246457370589551,37.01762611059417,1.75509098394323,0,23.69999969999989,False,"Exact rational original-MPS feasibility, zero residual",See separately reported numerical and independent exact bounds,"Primal improvement is measured against the strictly repaired public baseline, not the infeasible public serialization. Raw objectives of weakened derived models are not original primal improvements.",,2d7e82995ec2854bef98ffc6e495120e0cba2ef2551086d92667d9ad4978d19c,73624e2114e6250c85dc76be933cb5579419e8b89f4d659ef411348531e11042,https://github.com/Huangyc98/MIPLIB_openproblem/blob/organize/complete-results-20260921/instances/ns1904248/README.md,=best=     ns1904248                                37.01762611059417,144 | 36000.0 8413 stop ok c4696a43 | 72.6815177 0 -- | ns1904248,True,True,Attributed improvement,Improved,,35.26253512665094,23.69999969999989
ns1905797,original112,open,13.98258,12.38858,0.113998990172056945141740651582182973385455331,,,12.38858,0,True,Historical evidence grade; see instance report,"12.38858 (COPT, numerical)",Serialized file passes zero-tolerance Fraction audit; 11.40% numerical gap; global optimum open,,,,https://github.com/Huangyc98/MIPLIB_openproblem/blob/organize/complete-results-20260921/instances/ns1905797/README.md,=unkn=     ns1905797                                ,145 | 36000.0 2989752 stop ok 49974bb7 | 1e+20 12.38858 -- | ns1905797,True,False,First finite solution,No difference above 1e-7,,13.98258,12.38858
ns2122698,original112,open,68750,62785.565316,0.0867554135854545454545454545454545454545454545,68749.99988531263,-0.00011468737,65899.0548,-3113.489484,False,Historical evidence grade; see instance report,"62,785.565316 (strict)",Exact primal/dual interval; global optimum open,,,,https://github.com/Huangyc98/MIPLIB_openproblem/blob/organize/complete-results-20260921/instances/ns2122698/README.md,=best=     ns2122698                                68749.99988531263,146 | 36000.0 28765 stop ok 991afe1f | 78440 65899.0548 16.0 | ns2122698,False,False,Above v36 primal,Below historical COPT bound,,68750,62785.565316
ns2124243,parallel8_20260926,optimal,77460,77460,0,77459.99169057666,-0.00830942334,75440.7297,2019.2703,False,Historical evidence grade; see instance report,Valid global solver bound or stronger independently exact bound,Global solver numerical optimality accepted; exact certificate supplementary. Experiment initial primal improvement: 0,,,,https://github.com/Huangyc98/MIPLIB_openproblem/blob/organize/complete-results-20260921/instances/ns2124243/README.md,=best=     ns2124243                                77459.99169057666,147 | 36000.0 258364 stop ok 5baf879a | 79120 75440.7297 4.7 | ns2124243,False,True,Above v36 primal,Improved,IV,77460,77460
ns930473,parallel10_20261004,optimal,821466,821466,0,821466,0,1899.50067,819566.49933,False,exact,exact,"The source arc graph forces increasing pickups followed by increasing deliveries, with at most15 requests per vehicle. Complete exact pricing covers2760 subproblems. Two independent Python integer DPs reproduce the certificate821466, matching the original feasible witness.",,4e467d17ab84c85251a1ed0faaf08c2137d737ec0170c0b2423cfea2a6debcab,a1b8d15d077705dd0dad8e5d188a5abe4cc6dfaabcf27cb2287f7b18bc489ccc,https://github.com/Huangyc98/MIPLIB_openproblem/blob/organize/complete-results-20260921/instances/ns930473/README.md,=best=     ns930473                                 821466,148 | 36000.0 544 stop ok 97c60235 | 1e+20 1899.50067 -- | ns930473,False,True,No difference above 1e-7,Improved,IV,821466,821466
nsr8k,parallel10_20260927,open,17974887.99753601,17512125.696420353,0.0257449337753365839816688476481740650576862796,17974887.99753601,0,17525904.2,-13778.503579647,False,Historical evidence grade; see instance report,Validated global bound from solver or structural relaxation,Numerical optimality accepted; experiment baseline and frozen v36 compared separately.,,,,https://github.com/Huangyc98/MIPLIB_openproblem/blob/organize/complete-results-20260921/instances/nsr8k/README.md,=best=     nsr8k                                    17974887.99753601,149 | 36000.0 14621 stop ok ae0c3c31 | 18183660 17525904.2 3.6 | nsr8k,False,False,No difference above 1e-7,Below historical COPT bound,,17974887.99753601,17512125.696420353
nucorsav,parallel10_20260927,optimal,73.61064226007815,73.61064224600001,1.91251421910702585702146250950634991382402426E-10,,,29.0461,44.56454224600001,True,Historical evidence grade; see instance report,Validated global bound from solver or structural relaxation,Numerical optimality accepted; experiment baseline and frozen v36 compared separately.,,,,https://github.com/Huangyc98/MIPLIB_openproblem/blob/organize/complete-results-20260921/instances/nucorsav/README.md,=unkn=     nucorsav                                 ,150 | 6977.9 0 stop ok 240ea497 | 1e+20 29.0461 -- | nucorsav,True,True,First finite solution,Improved,IV,73.61064226007815,73.61064224600001
pb-gfrd-pnc,original112,open,8844,8566,0.0314337403889642695612844866576209859791949344,8844.0,0,8521.83408,44.16592,False,Historical evidence grade; see instance report,"8,566 (solver)","Exact identical-column quotient removes 9,944 variables; 3.1434% numerical gap; global optimum open",,,,https://github.com/Huangyc98/MIPLIB_openproblem/blob/organize/complete-results-20260921/instances/pb-gfrd-pnc/README.md,=best=     pb-gfrd-pnc                              8844.0,151 | 36000.0 968691 stop ok 699a93c5 | 1e+20 8521.83408 -- | pb-gfrd-pnc,False,True,No difference above 1e-7,Improved,,8844,8566
pb-grow22,original112,open,-449536,-449546,0.0000222446646171915666027503303332695652947640508,-449536.0,0,-449587.303,41.303,False,Historical evidence grade; see instance report,-449546 (solver),Exact symmetry quotient; numerical 10-unit interval without portable cutoff proof; global optimum open,,,,https://github.com/Huangyc98/MIPLIB_openproblem/blob/organize/complete-results-20260921/instances/pb-grow22/README.md,=best=     pb-grow22                                -449536.0,152 | 36000.0 1108699 stop ok f7cecf47 | -6898 -449587.303 98.5 | pb-grow22,False,True,No difference above 1e-7,Improved,,-449536,-449546
pizza27i,fresh_next10_20261005,optimal,701882,701882,0,701882,0,652380.8,49501.2,False,"Exact rational original-MPS feasibility, zero residual",See separately reported numerical and independent exact bounds,Exact integer certificate and complete original witness,,ce38eec5dc17432b26bc025353a6b5027863a72ecd5f572e122e0c3859122bef,33104c219c26ca59ecda3e96bf3e530f2ee968bbd030bf34536582047866ec52,https://github.com/Huangyc98/MIPLIB_openproblem/blob/organize/complete-results-20260921/instances/pizza27i/README.md,=best=     pizza27i                                 701882,153 | 36000.0 417893 stop ok bf4a3c6b | 744091 652380.8 12.3 | pizza27i,False,True,No difference above 1e-7,Improved,IV,701882,701882
pizza78i,parallel15_20261003,optimal,564039,564039,0,564039,0,508093,55946,False,Historical evidence grade; see instance report,exact_original_global_optimal,"Exact original-model optimum: a source-derived voucher projection proves a lower bound of 564039 and an independently checked original integer witness attains it. This conclusion comes from the finite combinatorial proof, not the earlier COPT bound 495580.380952381. Read reports/PROOF.md for the implication chain and Lean obligations.",,76b4436000fe2a70c04d64542b70c24db6a56c7a73a2d86e489c7757da10dd4b,b10662ce874b9473ec792cf3806f2fa159f3083d5c9e4492c13da512e4e36028,https://github.com/Huangyc98/MIPLIB_openproblem/blob/organize/complete-results-20260921/instances/pizza78i/README.md,=best=     pizza78i                                 564039,154 | 36000.0 276988 stop ok 3050d51 | 645404 508093 21.3 | pizza78i,False,True,No difference above 1e-7,Improved,IV,564039,564039
polygonpack3-15,parallel10_20260927,open,-55657792.80846341,-58365098.476,0.0463856951881927636002640572328741529252962654,-55055635.46642546,602157.34203795,-114051303,55686204.524,False,Historical evidence grade; see instance report,Validated global bound from solver or structural relaxation,Numerical optimality accepted; experiment baseline and frozen v36 compared separately.,,,,https://github.com/Huangyc98/MIPLIB_openproblem/blob/organize/complete-results-20260921/instances/polygonpack3-15/README.md,=best=     polygonpack3-15                          -55055635.46642546,155 | 36000.0 1812942 stop ok ca094bef | -45526496.9 -114051303 60.1 | polygonpack3-15,True,True,Attributed improvement,Improved,,-55657792.80846341,-58365098.476
polygonpack4-10,subsequent20,open,-53594508.707583256,-76521127.37712,0.299611616495758239252274117880966189438506710,-53594508.70758325,6E-9,-93676573.4,17155446.02288,False,Historical evidence grade; see instance report,dual skill Gurobi; dual skill COPT terminal,historically accepted numerical witness; not uniformly revalidated; projection-equivalent canonical slice links plus core local branching,,,,https://github.com/Huangyc98/MIPLIB_openproblem/blob/organize/complete-results-20260921/skills-research/comparisons/per_instance_comparison.csv,=best=     polygonpack4-10                          -53594508.70758325,156 | 36000.0 4384348 stop ok 5b22e33 | -51836818.8 -93676573.4 44.7 | polygonpack4-10,False,True,No difference above 1e-7,Improved,,-53594508.707583256,-76521127.37712
polygonpack4-15,original112,open,,,,-63613643.56171419,,-114052544,,False,Historical evidence grade; see instance report,no new global lower bound,"Exact recovered geometry, radius/object neighborhoods and mask screening; no MIPLIB headline improvement; global optimum open",,,,https://github.com/Huangyc98/MIPLIB_openproblem/blob/organize/complete-results-20260921/instances/polygonpack4-15/README.md,=best=     polygonpack4-15                          -63613643.56171419,157 | 36000.0 1526659 stop ok a234ed97 | -52513639.5 -114052544 54.0 | polygonpack4-15,False,False,No finite primal archived,No final dual archived,,"-63,613,612.411253203798895776945039... (strict repair)",no new global lower bound
polygonpack4-7,original112,open,-51837707.95034043267785954996,,,-51837758.96241999,-51.01207955732214045004,-75324457.9,,False,Historical evidence grade; see instance report,no new global lower bound,Full submitted-MPS geometry audit; no strict incumbent improvement; global optimum open,,,,https://github.com/Huangyc98/MIPLIB_openproblem/blob/organize/complete-results-20260921/instances/polygonpack4-7/README.md,=best=     polygonpack4-7                           -51837758.96241999,158 | 36000.0 13851107 stop ok da8b4921 | -51837666.7 -75324457.9 31.2 | polygonpack4-7,False,False,Above v36 primal,No final dual archived,,-51837707.95034043267785954996,no new global lower bound
polygonpack5-15,original112,open,,,,-55494687.6476085,,-66029891.1,,False,Historical evidence grade; see instance report,no new global lower bound,Improves the only audited official literal-zero solution but not the MIPLIB tolerance headline; global optimum open,,,,https://github.com/Huangyc98/MIPLIB_openproblem/blob/organize/complete-results-20260921/instances/polygonpack5-15/README.md,=best=     polygonpack5-15                          -55494687.6476085,159 | 36000.0 1774885 stop ok 1461a177 | -47660916.5 -66029891.1 27.8 | polygonpack5-15,False,False,No finite primal archived,No final dual archived,,"-55,494,687.647606651289167114364938... (strict repair)",no new global lower bound
proteindesign121hz512p19,fresh_next10_20261005,optimal,3382,3382,0,3382.0,0,3392,-10,False,"Exact rational original-MPS feasibility, zero residual",See separately reported numerical and independent exact bounds,"Exact original-source audit, integer reparameterization, complete cutoff exclusion and full strict original witness","Historical COPT lower bound exceeds the archived feasible primal. Kept as a baseline inconsistency, not a valid superiority comparison.",edec4a628aa744c36c63a3f42c21491ecd6ede6eeaab93a27020d78f04de0e8f,e448968cb12dac73e0eead7f56716fda667eaf520f646098377a1cdcbdbf415e,https://github.com/Huangyc98/MIPLIB_openproblem/blob/organize/complete-results-20260921/instances/proteindesign121hz512p19/README.md,=best=     proteindesign121hz512p19                 3382.0,160 | 358.8 1 ok fail 3fa5b03d | 3392 3392 0.0000 | proteindesign121hz512p19,False,False,No difference above 1e-7,Historical bound exceeds feasible primal,IV,3382,3382
pythago7825,original112,infeasible,,,,,,0,,False,Historical evidence grade; see instance report,published UNSAT theorem,"Infeasible, exact encoding/core crosswalk + published theorem; proof archive not replayed locally",,,,https://github.com/Huangyc98/MIPLIB_openproblem/blob/organize/complete-results-20260921/instances/pythago7825/README.md,=unkn=     pythago7825                              ,161 | 36000.0 809851 stop ok bf34bfa3 | 1e+20 0 -- | pythago7825,False,False,Infeasibility certificate,Infeasibility certificate,LT,—,published UNSAT theorem
r4l4-02-tree-bounds-50,subsequent20,open,499061405,483755247.8932753,0.0306698874194142502364012701002194309135165441,499132179.0015595,70774.0015595,478217938,5537309.8932753,False,Historical evidence grade; see instance report,dual skill Gurobi,historically accepted numerical witness; not uniformly revalidated; five independently audited BFS fundamental-cycle inequalities plus Gurobi 13.0.1,,,,https://github.com/Huangyc98/MIPLIB_openproblem/blob/organize/complete-results-20260921/skills-research/comparisons/per_instance_comparison.csv,=best=     r4l4-02-tree-bounds-50                   499132179.0015595,162 | 36000.0 2373819 stop ok 2c127925 | 512613056 478217938 6.7 | r4l4-02-tree-bounds-50,True,True,Attributed improvement,Improved,,499061405,483755247.8932753
ramos3,original112,open,186,156,0.161290322580645161290322580645161290322580645,186.0,0,146.482178,9.517822,False,Historical evidence grade; see instance report,156 (covering-code bound),Feasible; strict local optimality proved to bit radius 7; global optimum open,,,,https://github.com/Huangyc98/MIPLIB_openproblem/blob/organize/complete-results-20260921/instances/ramos3/README.md,=best=     ramos3                                   186.0,163 | 36000.0 13251 stop ok 1e98c669 | 218 146.482178 32.8 | ramos3,False,True,No difference above 1e-7,Improved,,186,156
rfds-4-days,parallel15_20261003,open,-1129915.8646,-1146278.6542107703,0.0142747049774178348692325467654232313293061775,-1129915.8646,0,-1157062.2,10783.5457892297,False,Historical evidence grade; see instance report,qualified_numerical_original_global,QUALIFIED numerical global dual: the strongest full-original run also produced an incumbent with original-row violation 1142141.00397197; that candidate is rejected. Preserve the raw solver dual with this numerical qualification. Independent full-original runs gave -1147434.3976039088 and LP -1158940.9781666666. No optimality or primal improvement is claimed. The retained primal passes the complete original-model checker.,QUALIFIED numerical global dual: the strongest full-original run also produced an incumbent with original-row violation 1142141.00397197; that candidate is rejected. Preserve the raw solver dual with this numerical qualification. Independent full-original runs gave -1147434.3976039088 and LP -1158940.9781666666. No optimality or primal improvement is claimed. The retained primal passes the complete original-model checker.,b3537489e6d03f4b359b6dd236214cb04db487c3d3f41cb8f52ac783556fcaf9,c77bd4a151d84c666db7e546a2a25e5538c816ba74b60c54cde59b159b520da9,https://github.com/Huangyc98/MIPLIB_openproblem/blob/organize/complete-results-20260921/instances/rfds-4-days/README.md,=best=     rfds-4-days                              -1129915.8646,164 | 36000.0 1 stop ok 4c7438fe | 1e+20 -1157062.2 -- | rfds-4-days,False,False,No difference above 1e-7,Excluded: qualified numerical bound,,-1129915.8646,-1146278.6542107703
rmine11,original112,open,-2508.404143999999991662,-2521.353274311517894,0.00513578578751674493252215799129048396659464631,-2508.404144,-8.338E-15,-2509.7041,-11.649174311517894,False,Historical evidence grade; see instance report,-2521.353274311517894 (portable exact),"394 pair, 70 clique and 5 genuine triple-cover cuts plus flow=cut certificate; global optimum open",,,,https://github.com/Huangyc98/MIPLIB_openproblem/blob/organize/complete-results-20260921/instances/rmine11/README.md,=best=     rmine11                                  -2508.404144,165 | 36000.0 3259593 stop ok f536d221 | -2507.70594 -2509.7041 0.0796 | rmine11,False,False,No difference above 1e-7,Below historical COPT bound,,-2508.404143999999991662,-2521.353274311517894
rmine13,original112,open,-3495.3706609999999806509,-3504.68995907391278,0.00265909343843224060801599547568785313198213445,-3495.3706624382535,-0.0000014382535193491,-3496.99083,-7.69912907391278,False,Historical evidence grade; see instance report,-3504.689959073912780 (portable exact),Rounded public tolerance vector and closure flow=cut certificate; structured neighborhoods tested; global optimum open,,,,https://github.com/Huangyc98/MIPLIB_openproblem/blob/organize/complete-results-20260921/instances/rmine13/README.md,=best=     rmine13                                  -3495.3706624382535,166 | 36000.0 981339 stop ok 941eb436 | -3490.32323 -3496.99083 0.1907 | rmine13,False,False,Above v36 primal,Below historical COPT bound,,-3495.3706609999999806509,-3504.68995907391278
rmine15,original112,open,-5018.823005000000004879,-5042.036233392018593,0.00460393922564137161437700441395098323524644651,-5018.819990999996,0.003014000004004879,-5026.70481,-15.331423392018593,False,Historical evidence grade; see instance report,-5042.036233392018593 (portable exact),34-block exchange; 121 pair and 61 clique cuts; exact primal and flow=cut audits; global optimum open,,,,https://github.com/Huangyc98/MIPLIB_openproblem/blob/organize/complete-results-20260921/instances/rmine15/README.md,=best=     rmine15                                  -5018.819990999996,167 | 36000.0 114844 stop ok 22128acb | -5000.12053 -5026.70481 0.5289 | rmine15,True,False,Attributed improvement,Below historical COPT bound,,-5018.823005000000004879,-5042.036233392018593
rmine21,original112,open,-10618.7507269999999491342,-10679.232567260660741,0.00566350061951830321981809875305616878732192545,-10618.75083837232,-0.0001113723200508658,-10674.8943,-4.338267260660741,False,Historical evidence grade; see instance report,-10679.232567260660741 (portable exact),"Exact 1,441,651-row primal replay and closure flow=cut certificate; global optimum open",,,,https://github.com/Huangyc98/MIPLIB_openproblem/blob/organize/complete-results-20260921/instances/rmine21/README.md,=best=     rmine21                                  -10618.75083837232,168 | 36000.0 191 stop ok bd7795d6 | -2288.18412 -10674.8943 78.6 | rmine21,False,False,Above v36 primal,Below historical COPT bound,,-10618.7507269999999491342,-10679.232567260660741
rmine25,original112,open,-15541.66927699999998289011,-15667.918862520611901,0.00805784013999554439591102941853585802335954951,-15541.66928749976,-0.00001049976001710989,-15667.8428,-0.076062520611901,False,Historical evidence grade; see instance report,-15667.918862520611901 (portable exact),"Exact 2,953,849-row primal replay and cross-host closure certificate verification; global optimum open",,,,https://github.com/Huangyc98/MIPLIB_openproblem/blob/organize/complete-results-20260921/instances/rmine25/README.md,=best=     rmine25                                  -15541.66928749976,169 | 24484.9 0 stop ok 11d36db3 | -2102.38838 -15667.8428 86.6 | rmine25,False,False,Above v36 primal,Below historical COPT bound,,-15541.66927699999998289011,-15667.918862520611901
rocII-10-11,parallel10_20260927,open,-11.794324502134275,-11.84939220836703,0.00464730217925193523825919782648667363798214115,-11.79399274280434,0.000331759329935,-11.8947324,0.04534019163297,False,Historical evidence grade; see instance report,Validated global bound from solver or structural relaxation,Numerical optimality accepted; experiment baseline and frozen v36 compared separately.,"Numerical difference shown, but frozen project attribution is not upgraded by this arithmetic audit.",,,https://github.com/Huangyc98/MIPLIB_openproblem/blob/organize/complete-results-20260921/instances/rocII-10-11/README.md,=best=     rocII-10-11                              -11.79399274280434,170 | 36000.0 8882523 stop ok 6e92c9a5 | -3.72713474 -11.8947324 68.7 | rocII-10-11,False,True,Numerically better; not project-attributed,Improved,,-11.794324502134275,-11.84939220836703
rocII-8-11,subsequent20,open,-8.739845027008393,-11.82,0.260588407190491285956006768189509306260575296,-8.739845350261154,-3.23252761E-7,-11.889881,0.069881,False,Historical evidence grade; see instance report,dual skill Gurobi,"historically accepted numerical witness; not uniformly revalidated; strict public-pattern repair, audited temporal restrictions, and final untouched-original control",,,,https://github.com/Huangyc98/MIPLIB_openproblem/blob/organize/complete-results-20260921/skills-research/comparisons/per_instance_comparison.csv,=best=     rocII-8-11                               -8.739845350261154,171 | 36000.0 5489573 stop ok 2640afb6 | -4.72446527 -11.889881 60.3 | rocII-8-11,False,True,Above v36 primal,Improved,,-8.739845027008393,-11.82
rwth-timetable,fresh_next10_20261005,open,772258,755608.6597750485,0.0215592978317498815162808284278052153554900046,772998.0,740,754720.911,887.7487750485,False,"Exact rational original-MPS feasibility, zero residual",See separately reported numerical and independent exact bounds,Not established; numerical global tree bound and independent exact lower certificate are separate,,32f8ac5c9a9e57042a0519e2874dca6243e281019e69579c1c4f0efd70299f5d,4f59d3b0b9d2814d7cf09e2a38a86b90e2bda05611d47fbf396a548ed7d05b50,https://github.com/Huangyc98/MIPLIB_openproblem/blob/organize/complete-results-20260921/instances/rwth-timetable/README.md,=best=     rwth-timetable                           772998.0,172 | 36000.0 1 stop ok b48b7203 | 1336396 754720.911 43.5 | rwth-timetable,True,True,Attributed improvement,Improved,,772258,755608.6597750485
s82,original112,open,-33.7970576238223,,,-33.7970576238223,0,-33.8093843,,False,Historical evidence grade; see instance report,exact structural bound max sum(A8)=36,Full objective open; high-level acceptance count globally optimal and line 4 conditionally optimal,,,,https://github.com/Huangyc98/MIPLIB_openproblem/blob/organize/complete-results-20260921/instances/s82/README.md,=best=     s82                                      -33.7970576238223,173 | 36000.0 2110 stop ok ade6f621 | -33.772274 -33.8093843 0.1098 | s82,False,False,No difference above 1e-7,No final dual archived,,-33.7970576238223,exact structural bound max sum(A8)=36
scpj4scip,original112,open,128,107,0.1640625,128,0,108.947237,-1.947237,False,Historical evidence grade; see instance report,107 (strict),Exact branch/dual certificates improved the lower bound; global optimum open; experiments paused,,,,https://github.com/Huangyc98/MIPLIB_openproblem/blob/organize/complete-results-20260921/instances/scpj4scip/README.md,=best=     scpj4scip                                128,174 | 36000.0 1226364 stop ok b426712b | 132 108.947237 17.5 | scpj4scip,False,False,No difference above 1e-7,Below historical COPT bound,,128,107
scpk4,original112,open,318,283,0.110062893081761006289308176100628930817610063,318.0,0,287.057116,-4.057116,False,Historical evidence grade; see instance report,283 (strict),Exact domination and independently replayed target-282 branch/dual certificate; global optimum open,,,,https://github.com/Huangyc98/MIPLIB_openproblem/blob/organize/complete-results-20260921/instances/scpk4/README.md,=best=     scpk4                                    318.0,175 | 36000.0 562396 stop ok 592c0ee4 | 326 287.057116 11.9 | scpk4,False,False,No difference above 1e-7,Below historical COPT bound,,318,283
scpl4,original112,open,259,214,0.173745173745173745173745173745173745173745174,259.0,0,214.35471,-0.35471,False,Historical evidence grade; see instance report,214 (portable strict),Complete target-213 exact branch/dual replay; COPT terminal exclusion corroborates; global optimum open,,,,https://github.com/Huangyc98/MIPLIB_openproblem/blob/organize/complete-results-20260921/instances/scpl4/README.md,=best=     scpl4                                    259.0,176 | 36000.0 64893 stop ok afa8a9d8 | 280 214.35471 23.4 | scpl4,False,False,No difference above 1e-7,Below historical COPT bound,,259,214
scpm1,subsequent20,open,537,416,0.225325884543761638733705772811918063314711359,540.0,3,415.555435,0.444565,False,Historical evidence grade; see instance report,dual skill Gurobi; dual skill COPT terminal,historically accepted numerical witness; not uniformly revalidated; exact rational LP-dual replay plus deterministic cost-1 RWLS,"Numerical difference shown, but frozen project attribution is not upgraded by this arithmetic audit.",,,https://github.com/Huangyc98/MIPLIB_openproblem/blob/organize/complete-results-20260921/skills-research/comparisons/per_instance_comparison.csv,=best=     scpm1                                    540.0,177 | 36000.0 1118 stop ok 7d7d27f | 630 415.555435 34.0 | scpm1,False,True,Numerically better; not project-attributed,Improved,,537,416
scpn2,parallel15_20261003,open,485,352,0.274226804123711340206185567010309278350515464,485.0,0,350.409358,1.590642,False,Historical evidence grade; see instance report,numerical_global_with_exact_source_audit,Completed full-original COPT lower bound 351.0207653022212 gives 352 on the exact integer objective lattice. A separate complete-source rational price certificate proves 351 exactly. Restricted covering/repair masters do not give global bounds. Original validated primal remains 485.,,4dd5529879b2bde7051913d61968c9e731e226d3cf6e84eedb4ef0de735fbc69,cdf9dad8fda4206ab093c20173033ff93bdc74ca123646b0c22d83923e8ee06f,https://github.com/Huangyc98/MIPLIB_openproblem/blob/organize/complete-results-20260921/instances/scpn2/README.md,=best=     scpn2                                    485.0,178 | 418.7 0 stop ok 729de84 | 617 350.409358 43.2 | scpn2,False,True,No difference above 1e-7,Improved,,485,352
sct1,subsequent20,open,-187.52765083903063,-199.81870652161473,0.0615110361614444519555036843409043679750080062,-187.527650839031,-3.7E-13,-202.560756,2.74204947838527,False,Historical evidence grade; see instance report,dual skill Gurobi,"historically accepted numerical witness; not uniformly revalidated; structure-guided exact fixed-outside neighborhoods, local branching, exact LP dual certification, and an original-model global control",,,,https://github.com/Huangyc98/MIPLIB_openproblem/blob/organize/complete-results-20260921/skills-research/comparisons/per_instance_comparison.csv,=best=     sct1                                     -187.527650839031,179 | 36000.0 520251 stop ok 1d1866b2 | -170.822429 -202.560756 15.7 | sct1,False,True,No difference above 1e-7,Improved,,-187.52765083903063,-199.81870652161473
sct5,parallel10_20260927,open,-228.12919207179488,-228.1478805738048,0.0000819139847493536313539012040423123387985975451,-228.1291920717949,-2E-14,-228.154186,0.0063054261952,False,Historical evidence grade; see instance report,Validated global bound from solver or structural relaxation,Numerical optimality accepted; experiment baseline and frozen v36 compared separately.,,,,https://github.com/Huangyc98/MIPLIB_openproblem/blob/organize/complete-results-20260921/instances/sct5/README.md,=best=     sct5                                     -228.1291920717949,180 | 36000.0 1039371 stop ok fe8bddc6 | -228.106717 -228.154186 0.0208 | sct5,False,True,No difference above 1e-7,Improved,,-228.12919207179488,-228.1478805738048
seqsolve1,subsequent20,open,4277,4275,0.000467617488894084638765489829319616553659106851,4277.0,0,4268.52039,6.47961,False,Historical evidence grade; see instance report,dual skill Gurobi,historically accepted numerical witness; not uniformly revalidated; structure-audited activation/rounding/Hall strengthenings with untouched-MPS baseline and exact witness replay,,,,https://github.com/Huangyc98/MIPLIB_openproblem/blob/organize/complete-results-20260921/skills-research/comparisons/per_instance_comparison.csv,=best=     seqsolve1                                4277.0,181 | 36000.0 40998 stop ok b5a46ce1 | 4371 4268.52039 2.3 | seqsolve1,False,True,No difference above 1e-7,Improved,,4277,4275
seqsolve2short4288,parallel15_20261003,open,83.99999983543596,17,0.797619047222563961808284579923535904070475708,83.9999999999994,1.6456344E-7,33.1143818,-16.1143818,False,Historical evidence grade; see instance report,numerical_global_with_exact_source_audit,"The full source-audited global numerical bound 16.876334243370593 rounds upward to 17 on the proved integer objective lattice. The primal difference from 84 is numerical polishing, not a discrete improvement. Valid structural/site-gap cuts and complete exported-model audits are recorded; restricted primal neighborhoods never supply global bounds.","Numerical difference shown, but frozen project attribution is not upgraded by this arithmetic audit.",ef0ee902bafaaa385e248146961f4ead0bb2fd1abd8e8097c10bf1c489b59f36,4c42a1ea4fab43c9473de9e5e10aeeb4970925565f2918d7ba4882a6ce13634b,https://github.com/Huangyc98/MIPLIB_openproblem/blob/organize/complete-results-20260921/instances/seqsolve2short4288/README.md,=best=     seqsolve2short4288                       83.9999999999994,182 | 36000.0 8158 stop ok 15868769 | 1e+20 33.1143818 -- | seqsolve2short4288,False,False,Numerically better; not project-attributed,Below historical COPT bound,,83.99999983543596,17
seqsolve3short4288excess384,parallel15_20261003,open,-40035,-41168,0.0275213758258841818888457054022541780023319083,-40015.0,20,-42615.0595,1447.0595,False,Historical evidence grade; see instance report,numerical_global_with_exact_source_audit,The accepted global numerical lower bound -41168.198039877134 rounds to -41168 on the audited integer objective lattice. The original incumbent -40035 is unchanged. Linked/network extensions and unsuccessful routes remain attributed separately from the accepted complete global run.,"Numerical difference shown, but frozen project attribution is not upgraded by this arithmetic audit.",f21e0e0fd71f39f9297de1b7ed93e16e7ec8536896e6b0afb4bb4c93f76fd8ba,5445962d4ce6e2432b9456b3121fd7552163054e5bff1936ba6ee03e8de5e115,https://github.com/Huangyc98/MIPLIB_openproblem/blob/organize/complete-results-20260921/instances/seqsolve3short4288excess384/README.md,=best=     seqsolve3short4288excess384              -40015.0,183 | 36000.0 2074 stop ok c4eaee0 | 1e+20 -42615.0595 -- | seqsolve3short4288excess384,False,True,Numerically better; not project-attributed,Improved,,-40035,-41168
set3-09,original112,open,,,,176497.15,,134902.999,,False,Historical evidence grade; see instance report,no new certified global bound,BOM-aware Decimal reconstruction and period/item/Hamming neighborhoods; global optimum open,,,,https://github.com/Huangyc98/MIPLIB_openproblem/blob/organize/complete-results-20260921/instances/set3-09/README.md,=best=     set3-09                                  176497.15,184 | 36000.0 3216730 stop ok abf530de | 182379.429 134902.999 26.0 | set3-09,False,False,No finite primal archived,No final dual archived,,176497.152425682499961401493852... (strict repair),no new certified global bound
set3-16,fresh_next10_20261004,open,134040.40975228781,101848.66004485569,0.240164512828062801605295970395669339006695208,134040.4097522878,-1E-11,104243.075,-2394.41495514431,False,See original-decimal Fraction check in instance package,Numerical global bound with structural audits; no independent exact lower-bound certificate is claimed,Numerical global solver bound with structural/domain audit; not exact arithmetic optimality,,09a942aeb38a5f2eebe91e78fc878a3ac2d3351d327568f6e4382edad67ab869,,https://github.com/Huangyc98/MIPLIB_openproblem/blob/organize/complete-results-20260921/instances/set3-16/README.md,=best=     set3-16                                  134040.4097522878,185 | 36000.0 4620889 stop ok cde51de1 | 134040.41 104243.075 22.2 | set3-16,False,False,No difference above 1e-7,Below historical COPT bound,,134040.40975228781,101848.66004485569
shipsched,subsequent20,open,111919.8337342348,85777.6824670317,0.233579253962084478655357672231151297383503721,111919.8337342348,0,67029.7019,18747.9805670317,False,Historical evidence grade; see instance report,dual skill Gurobi,"historically accepted numerical witness; not uniformly revalidated; precedence-pattern recourse, paper-motivated scheduling neighborhoods, independently verified directed-cycle inequalities, and matched global branch-and-cut controls",,,,https://github.com/Huangyc98/MIPLIB_openproblem/blob/organize/complete-results-20260921/skills-research/comparisons/per_instance_comparison.csv,=best=     shipsched                                111919.8337342348,186 | 36000.0 2796250 stop ok ff00f02f | 130497.996 67029.7019 48.6 | shipsched,False,True,No difference above 1e-7,Improved,,111919.8337342348,85777.6824670317
shs1014,parallel15_20261003,open,22671.197441887947,22555.8775122676,0.00508662720246433165168487335317373065970245084,22671.19742691877,-0.000014969177,23116.6794,-560.8018877324,False,Historical evidence grade; see instance report,numerical_global_with_exact_source_audit,The accepted global numerical bound is 22555.8775122676 from an audited network projection. Conflicting larger continuation dual values are quarantined. The displayed primal is a numerical point; the separate exact feasible witness has objective 22671.197441887947. This is numerical polishing only.,"Use the archived exact primal value rather than the rounded or numerical catalogue display; the original display is retained separately. Historical COPT lower bound exceeds the archived feasible primal. Kept as a baseline inconsistency, not a valid superiority comparison.",5e952fcc3e11528f903d86d8a0a3eb54be694743c5e5a096fbaaf6edb4bd02a2,b2e0be3062543e18015ed81303376e0e5a0a3244e92cf72416b5b057798f27fa,https://github.com/Huangyc98/MIPLIB_openproblem/blob/organize/complete-results-20260921/instances/shs1014/README.md,=best=     shs1014                                  22671.19742691877,187 | 36000.0 12846 stop fail d30b9b08 | 23122.4633 23116.6794 0.0250 | shs1014,False,False,Above v36 primal,Historical bound exceeds feasible primal,,22671.197441887947,22555.8775122676
shs1042,original112,open,11070.7016616034,10905.7397762548,0.0149007615227080483871055662804407046974781700,11070.7015802402,-0.0000813632,11218.5138,-312.7740237452,False,Historical evidence grade; see instance report,"10,905.7397762548 (solver)",1.4901% local reproducible gap; article partition and truck-radius-2 neighborhoods closed; global optimum open,"Historical COPT lower bound exceeds the archived feasible primal. Kept as a baseline inconsistency, not a valid superiority comparison.",,,https://github.com/Huangyc98/MIPLIB_openproblem/blob/organize/complete-results-20260921/instances/shs1042/README.md,=best=     shs1042                                  11070.7015802402,188 | 32085.1 17298 ok fail 6f81d6b7 | 11218.5138 11218.5138 0.0000 | shs1042,False,False,Above v36 primal,Historical bound exceeds feasible primal,,11070.7016616034,10905.7397762548
siena1,original112,open,10449008.9,10219502.195349596,0.0219644472357951575675277681120551060110590967,10341586.2,-107422.7,10214130.1,5372.095349596,False,Historical evidence grade; see instance report,"10,219,502.195349596",Feasible; structure-specific decomposition attempts tested; global optimum open,,,,https://github.com/Huangyc98/MIPLIB_openproblem/blob/organize/complete-results-20260921/instances/siena1/README.md,=best=     siena1                                   10341586.2,189 | 36000.0 285500 stop ok def48294 | 18068475.2 10214130.1 43.5 | siena1,False,True,Above v36 primal,Improved,,10449008.9,10219502.195349596
sing11,original112,open,19108639.4603941927675439822,18853382.0323116,0.0133582209561102396484186469993801324648805790,19108639.43924989,-0.0211443027675439822,18776564.1,76817.9323116,False,Historical evidence grade; see instance report,"18,853,382.0323116 (solver; 1.3358% gap)","1,200 s root-cut LB improves archived PDF-only LB by about 76,817.9; 74/74 blocks and 6 selected groups closed conditionally; global optimum open",,,,https://github.com/Huangyc98/MIPLIB_openproblem/blob/organize/complete-results-20260921/instances/sing11/README.md,=best=     sing11                                   19108639.43924989,190 | 36000.0 192500 stop ok afb60fc6 | 19315463.9 18776564.1 2.8 | sing11,False,True,Above v36 primal,Improved,,19108639.4603941927675439822,18853382.0323116
sing17,original112,open,36161699.377938689354636741,35556219.47983733,0.0167436793214078557793847707638148585208691008,36161699.37883251,0.000893820645363259,35599182.4,-42962.92016267,False,Historical evidence grade; see instance report,"35,556,219.47983733 (locally reproducible solver LB; 1.6744% gap)","Same integer pattern and only 0.000893823 lower; 50/50 blocks closed conditionally; archived PDF-only LB 35,599,182.4 is stronger; global optimum open",,,,https://github.com/Huangyc98/MIPLIB_openproblem/blob/organize/complete-results-20260921/instances/sing17/README.md,=best=     sing17                                   36161699.37883251,191 | 36000.0 48732 stop ok 2bd392f8 | 39229290.5 35599182.4 9.3 | sing17,False,False,No counted improvement,Below historical COPT bound,,36161699.377938689354636741,35556219.47983733
sing5,original112,open,18778435.60767737,18462676.77864,0.0168149698747149765091698842473222000333263097,18778435.60767737,0,18605207.3,-142530.52136,False,Historical evidence grade; see instance report,"18,462,676.77864 (locally reproducible solver LB; 1.6815% gap)","Imported run improves the prior local LB by 19,778.272826703; archived PDF-only LB 18,605,207.3 remains stronger; runtime metadata is inconsistent; global optimum open",,,,https://github.com/Huangyc98/MIPLIB_openproblem/blob/organize/complete-results-20260921/instances/sing5/README.md,=best=     sing5                                    18778435.60767737,192 | 36000.0 158599 stop ok e6796079 | 18812559.3 18605207.3 1.1 | sing5,False,False,No difference above 1e-7,Below historical COPT bound,,18778435.60767737,18462676.77864
snp-04-052-052,parallel10_20261004,open,881740229.202574,880540652.1100941,0.00136046542139148000439825948963141499370945197,881796490.7470638,56261.5444898,843534432,37006220.1100941,False,tolerance_1e-9,numerical,"Joint procurement/production/inventory neighborhoods improve the strict baseline by17997.815490. Inventory-prefix, resource-grid and piecewise-capacity cuts, with independently justified initial-chain integrality, strengthen the numerical global bound.",,b14fae320fb6f7912cb767088d611966a3367f49b7e6c151b973c5a8a8514d31,ec7e9932d2fe05d1fce587bd809cdf65256abd95e7b6e73b8331abeacf5c4475,https://github.com/Huangyc98/MIPLIB_openproblem/blob/organize/complete-results-20260921/instances/snp-04-052-052/README.md,=best=     snp-04-052-052                           881796490.7470638,193 | 36000.0 883419 stop ok b8b2d66 | 4.70676615e+09 843534432 82.1 | snp-04-052-052,True,True,Attributed improvement,Improved,,881740229.202574,880540652.1100941
snp-06-004-052,fresh_r01_r10_20261006,open,1869531794.24497734141876132645546088912270632,1869530183.5742903,8.61536932401782803856713451185008940852943677E-7,1869531794.272782,0.0278046585812386735445391108772936801193614046,1869529780,403.5742903,False,"Exact rational original-MPS feasibility, zero residual",numerical_solver,"Original strict rational witness, separately graded numerical and independent exact dual evidence, verified core final-result packages; full trial archives retained locally.",Use the archived exact primal value rather than the rounded or numerical catalogue display; the original display is retained separately.,643207b21f1343ae8845dbcf34e5de3249926b5b643d3d2542afbd0fbc67acfb,4783aea3956cfcd7eb29801029b9d942c86988b7cc062f2a98c312fefc6d7c95,https://github.com/Huangyc98/MIPLIB_openproblem/blob/organize/complete-results-20260921/instances/snp-06-004-052/README.md,=best=     snp-06-004-052                           1869531794.272782,194 | 12611.2 558843 stop ok 5b7998de | 1.86955522e+09 1.86952978e+09 0.0014 | snp-06-004-052,False,True,No counted improvement,Improved,,1869531794.24497734141876132645546088912270632,1869530183.5742903
snp-10-004-052,fresh_r01_r10_20261006,open,5906642753.44879653706486474742953574151232792,5906641320.228776,2.42645455356213994587770095558880477166846681E-7,5906642759.088037,5.63924046293513525257046425848767208245552992,5906557160,84160.228776,False,"Exact rational original-MPS feasibility, zero residual",numerical_solver,"Original strict rational witness, separately graded numerical and independent exact dual evidence, verified core final-result packages; full trial archives retained locally.",Use the archived exact primal value rather than the rounded or numerical catalogue display; the original display is retained separately.,1f26af8a955ec18afa7d7c74cb4601d01a1fd1249d00862e26eedc0cd689160d,f432a91cccdfa312e1064b1d12bb267854622b853b4f19cbe2fbee0cf51f34c2,https://github.com/Huangyc98/MIPLIB_openproblem/blob/organize/complete-results-20260921/instances/snp-10-004-052/README.md,=best=     snp-10-004-052                           5906642759.088037,195 | 18148.5 1218940 stop ok d709d456 | 5.90743282e+09 5.90655716e+09 0.0148 | snp-10-004-052,True,True,Attributed improvement,Improved,,5906642753.44879653706486474742953574151232792,5906641320.228776
snp-10-052-052,parallel2_20260926,open,6059234264.4986582121085450028589365556815,6055563163.869654,0.000605868739968244060929739506540016387342879687,6059860690.259938,626425.7612797878914549971410634443185,6011665050,43898113.869654,False,Historical evidence grade; see instance report,Numerical global solver bound on source-audited formulations,"Concurrent primal/dual, up to 8 cores per role, 2-2.5 hours; latest public seed also improved; no optimality proof",,,,https://github.com/Huangyc98/MIPLIB_openproblem/blob/organize/complete-results-20260921/instances/snp-10-052-052/README.md,=best=     snp-10-052-052                           6059860690.259938,196 | 36000.0 465147 stop ok 2ef0d8b5 | 1.81925619e+10 6.01166505e+09 67.0 | snp-10-052-052,True,True,Attributed improvement,Improved,,6059234264.4986582121085450028589365556815,6055563163.869654
sorrell7,original112,open,-198,-210,0.0571428571428571428571428571428571428571428571,-198.0,0,-223.02692,13.02692,False,Historical evidence grade; see instance report,-210 published; -216 study solver,Feasible; any improvement must change at least 27 bits; global optimum open,,,,https://github.com/Huangyc98/MIPLIB_openproblem/blob/organize/complete-results-20260921/instances/sorrell7/README.md,=best=     sorrell7                                 -198.0,197 | 36000.0 24957 stop ok 792fea53 | -194 -223.02692 13.0 | sorrell7,False,True,No difference above 1e-7,Improved,,-198,-210
splan1,parallel10_20260928,open,-194385.9533424612,-201513.19679922966,0.0353686188794346289774486058477659352929721772,-194377.6306530872,8.322689374,-201881.851,368.65420077034,False,Historical evidence grade; see instance report,Accepted global solver or structural bound,Five substantive primal improvements and two optima. Sutlej strict optimum -1048730.8; numerical-tolerance incumbent separate. Vouga large-M tolerance artifact excluded.,,,,https://github.com/Huangyc98/MIPLIB_openproblem/blob/organize/complete-results-20260921/instances/splan1/README.md,=best=     splan1                                   -194377.6306530872,198 | 36000.0 1 stop ok 696ef7de | 3062987.62 -201881.851 106.6 | splan1,True,True,Attributed improvement,Improved,,-194385.9533424612,-201513.19679922966
stockholm,subsequent20,open,122,106,0.131147540983606557377049180327868852459016393,120.9999950202855,-1.0000049797145,93.5364881,12.4635119,False,Historical evidence grade; see instance report,dual skill Gurobi,historically accepted numerical witness; not uniformly revalidated; untouched-original audit plus exact-recourse monotone combinatorial Benders,,,,https://github.com/Huangyc98/MIPLIB_openproblem/blob/organize/complete-results-20260921/skills-research/comparisons/per_instance_comparison.csv,=best=     stockholm                                120.9999950202855,199 | 36000.0 459573 stop ok 3f10d68f | 137 93.5364881 31.7 | stockholm,False,True,Above v36 primal,Improved,,122,106
supportcase22,subsequent20,open,110,6.4,0.941818181818181818181818181818181818181818182,110.0,0,0.88353308,5.51646692,False,Historical evidence grade; see instance report,dual skill Gurobi; dual skill COPT terminal,historically accepted numerical witness; not uniformly revalidated; DEC-master violated-original-row generation with independent subset audit and exact 1/5 objective lattice; exact alias/support quotient; scoped neighborhoods,,,,https://github.com/Huangyc98/MIPLIB_openproblem/blob/organize/complete-results-20260921/skills-research/comparisons/per_instance_comparison.csv,=best=     supportcase22                            110.0,200 | 36000.0 765 stop ok c8e22663 | 1e+20 0.88353308 -- | supportcase22,False,True,No difference above 1e-7,Improved,,110,6.4
supportcase23,fresh_next10_20261005,open,-12160.659354160929084790008020999953,-12345.87023419769,0.0150018489197895776050029376489973213220936662,-12160.6593571676,-0.000003006670915209991979000047,-12633.1586,287.28836580231,False,"Exact rational original-MPS feasibility, zero residual",See separately reported numerical and independent exact bounds,Public starting material required exact repair/canonicalization. No substantive primal improvement. Numerical dual is separate from the weaker independently replayed rational branch certificate.,,f953d885be28a3e986b64c7f54953fb846fb5647ccea66abf718b4c4432c1f18,c8ad276a124e8eaf4392f2866ea1a3bd186da48cbd181a987b9906e986ccd95e,https://github.com/Huangyc98/MIPLIB_openproblem/blob/organize/complete-results-20260921/instances/supportcase23/README.md,=best=     supportcase23                            -12160.6593571676,201 | 36000.0 533048 stop ok 38d104b0 | -12160.6594 -12633.1586 3.7 | supportcase23,False,True,Above v36 primal,Improved,,-12160.659354160929084790008020999953,-12345.87023419769
supportcase30,original112,open,,,,,,0,,False,Historical evidence grade; see instance report,37 covering rows remain,Global feasibility open,,,,https://github.com/Huangyc98/MIPLIB_openproblem/blob/organize/complete-results-20260921/instances/supportcase30/README.md,=unkn=     supportcase30                            ,202 | 36000.0 1698587 stop ok 35083209 | 1e+20 0 -- | supportcase30,False,False,No finite primal archived,No final dual archived,,"no feasible point; best partial 987/1,024",37 covering rows remain
supportcase31,fresh_next10_20261005,optimal,-3720097.298,-3720097.298,0,-3720096.597,0.701,-3721177.76,1080.462,False,"Exact rational original-MPS feasibility, zero residual",See separately reported numerical and independent exact bounds,Primal frozen archive records earlier numerical closure; the later dual archive supplies the independently exact global proof. Both actual early-closure durations are retained.,,82bbd5a6f4e48f04df6bf400062cdbbd8453e0bd1ba6360de8d80abb8dae5f22,cdeff359072b51cdbfd6c8af2c645da5d52a1da3657d58521f24d12e88a066a9,https://github.com/Huangyc98/MIPLIB_openproblem/blob/organize/complete-results-20260921/instances/supportcase31/README.md,=best=     supportcase31                            -3720096.597,203 | 36000.0 7421 stop ok 9343b1bc | -3719617.69 -3721177.76 0.0419 | supportcase31,True,True,Attributed improvement,Improved,IV,-3720097.298,-3720097.298
supportcase35,fresh_next10_20261004,unbounded,,,,-164208.643099287,,,,False,See original-decimal Fraction check in instance package,Exact unboundedness,See instance evidence and portable replay,,da6e61781865b84b8c605e6d23f49f440a06f22aca5e38a78bf6cb9166cf5fc2,,https://github.com/Huangyc98/MIPLIB_openproblem/blob/organize/complete-results-20260921/instances/supportcase35/README.md,=best=     supportcase35                            -164208.643099287,204 | 41.7 543 ok better 119889cf | -1e+20 -1e+20 0.0000 | supportcase35,False,False,Unboundedness certificate,Unboundedness certificate,IV,instances/supportcase35/README.md,instances/supportcase35/README.md
supportcase38,fresh_next10_20261004,open,32564.500162611843,32476.03269588074,0.00271668431234436140952557971223165494174948017,32873.9683458331,309.468183221257,32476.0327,-0.00000411926,False,See original-decimal Fraction check in instance package,Numerical global bound with structural audits; no independent exact lower-bound certificate is claimed,167 audited 15-node monotone binary chains; joint threshold/continuous neighborhoods; fixed-integer crossover and original-model warm global search; adaptive continuous-variable LP pricing,The bound difference is within half of the historical table last displayed digit; do not interpret it as a robust difference.,6eaa55e3893355ca83ddec5ed657ed5b3c6591019295d53ad74b330467c98734,,https://github.com/Huangyc98/MIPLIB_openproblem/blob/organize/complete-results-20260921/instances/supportcase38/README.md,=best=     supportcase38                            32873.9683458331,205 | 1006.6 0 stop ok 157bad68 | 8868662.5 32476.0327 99.6 | supportcase38,True,False,Attributed improvement,Below historical COPT bound,,32564.500162611843,32476.03269588074
supportcase39,original112,open,-1085083.85682057046,-1085325.230699,0.000222397739960476160466321384451775208679345941,-1085080.906934894,2.94988567646,-1085222.66,-102.570699,False,Historical evidence grade; see instance report,"-1,085,325.230699 root",New strict incumbent from Gaussian-boundary block search; global optimum open,,,,https://github.com/Huangyc98/MIPLIB_openproblem/blob/organize/complete-results-20260921/instances/supportcase39/README.md,=best=     supportcase39                            -1085080.906934894,206 | 20875.8 39061815 stop ok 48bef472 | -1085031.14 -1085222.66 0.0176 | supportcase39,True,False,Attributed improvement,Below historical COPT bound,,-1085083.85682057046,-1085325.230699
supportcase41,fresh_r01_r10_20261006,open,32.0007683248472060879745287082085960948652024,31.81114546990636,0.00592557194302151116531641394493574633807409953,32.00076832127569,-3.57151608797452870820859609486520236249703127E-9,28,3.81114546990636,False,"Exact rational original-MPS feasibility, zero residual",numerical_solver,"Original strict rational witness, separately graded numerical and independent exact dual evidence, verified core final-result packages; full trial archives retained locally.",,9e8fbc3ffe0a29433e1ac3b0e26c4019af0861a2b5c57a5809386f1956a78cf2,f5b3437de2e0952e0a86fa16f693e91fa1dbe2498c90f1e961a1399b3bfce33f,https://github.com/Huangyc98/MIPLIB_openproblem/blob/organize/complete-results-20260921/instances/supportcase41/README.md,=best=     supportcase41                            32.00076832127569,207 | 36000.0 840091 stop ok 8f6a74d9 | 35.1759259 28 20.4 | supportcase41,False,True,No difference above 1e-7,Improved,,32.0007683248472060879745287082085960948652024,31.81114546990636
t1717,fresh_next10_20261005,open,158260,137323.70814993372,0.132290483066259825603437381524074308100593959,158260,0,137668.992,-345.28385006628,False,"Exact rational original-MPS feasibility, zero residual",See separately reported numerical and independent exact bounds,"No primal gain after separately recorded public-solution integer canonicalization. Cheapest-support equivalence, valid subset/clique cuts and pair branching were audited. Numerical global bound is stronger than the independently exact135070 certificate.",,741e23adb12610f23649c0ff420f8bc38b10443928d80dddca557f5d43b14a4a,0e33439482109b5f628ef2ad63004c56014f3886f73028567d1486714004e893,https://github.com/Huangyc98/MIPLIB_openproblem/blob/organize/complete-results-20260921/instances/t1717/README.md,=best=     t1717                                    158260,208 | 36000.0 1206683 stop ok 58784da2 | 293517 137668.992 53.1 | t1717,False,False,No difference above 1e-7,Below historical COPT bound,,158260,137323.70814993372
t1722,original112,open,108953,,,108953.0,0,103989.69,,False,Historical evidence grade; see instance report,no new bound,Exact connected exchanges through five blocks and association-guided repair completed; global optimum open,,,,https://github.com/Huangyc98/MIPLIB_openproblem/blob/organize/complete-results-20260921/instances/t1722/README.md,=best=     t1722                                    108953.0,209 | 36000.0 5767642 stop ok 27dc39b7 | 119779 103989.69 13.2 | t1722,False,False,No difference above 1e-7,No final dual archived,,108953,no new bound
tokyometro,original112,open,8263.1,7117.5,0.138640461812152824000677711754668344810059179,8263.099999999999,-1E-12,6817.12644,300.37356,False,Historical evidence grade; see instance report,"7,117.5 (solver)",Translation and impossible-direction audit; 13.864% numerical gap; global optimum open,,,,https://github.com/Huangyc98/MIPLIB_openproblem/blob/organize/complete-results-20260921/instances/tokyometro/README.md,=best=     tokyometro                               8263.099999999999,210 | 36000.0 4316525 stop ok e6a241e4 | 10230.8 6817.12644 33.4 | tokyometro,False,True,No difference above 1e-7,Improved,,8263.1,7117.5
tpl-tub-ws1617,parallel15_20261003,open,121065,120885,0.00148680460909428819229339610952793953661256350,121066.0,1,120987.401,-102.401,False,Historical evidence grade; see instance report,numerical_global_with_exact_source_audit,"The completed full-original COPT API lower bound 120884.16551379114 rounds to 120885 through an independently audited optimum-equivalent integer-objective projection. The source proof covers the necessary continuous-variable rounding without deleting costs or constraints. Frozen public baseline is 121065, not the historical headline 121066.","Numerical difference shown, but frozen project attribution is not upgraded by this arithmetic audit.",b1364d3147834de324008686b08508b915e702096141c469b952f9b659691c97,8dd90e723fe9f16dcd721c52e4d1f6ff5b08655d84f2c2aba89888d884a9fc25,https://github.com/Huangyc98/MIPLIB_openproblem/blob/organize/complete-results-20260921/instances/tpl-tub-ws1617/README.md,=best=     tpl-tub-ws1617                           121066.0,211 | 36000.0 255 stop ok 5abfd92a | 561224 120987.401 78.4 | tpl-tub-ws1617,False,False,Numerically better; not project-attributed,Below historical COPT bound,,121065,120885
uccase10,parallel8_20260926,open,39133.58411,39122.06011237759,0.000294478461007235352867350743662819592427053061,39133.58410997513,-2.487E-8,39113.5635,8.49661237759,False,Historical evidence grade; see instance report,Valid global solver bound or stronger independently exact bound,Global solver numerical optimality accepted; exact certificate supplementary. Experiment initial primal improvement: 0,,,,https://github.com/Huangyc98/MIPLIB_openproblem/blob/organize/complete-results-20260921/instances/uccase10/README.md,=best=     uccase10                                 39133.58410997513,212 | 36000.0 667131 stop ok 4ea476f8 | 39142.7662 39113.5635 0.0746 | uccase10,False,True,No difference above 1e-7,Improved,,39133.58411,39122.06011237759
xmas10,fresh_next10_20261004,open,-497,-507,0.0197238658777120315581854043392504930966469428,-497.0,0,-516.336258,9.336258,False,See original-decimal Fraction check in instance package,Exact integer/rational certificate or complete DP replay,See instance evidence and portable replay,The independently replayed exact forest-strip bound -507 improves the publicly reported family bound -511 by 4. The best completed solver-only numerical result remains -511. Model validity and fingerprint checks pass. Keep evidence grades separate.,84d3f349b4da1bce21265ebc5cc702d9d8f9e0fceae5ae6343ba3823ab171f00,,https://github.com/Huangyc98/MIPLIB_openproblem/blob/organize/complete-results-20260921/instances/xmas10/README.md,=best=     xmas10                                   -497.0,214 | 36000.0 2568122 stop ok 2444c154 | -453 -516.336258 12.3 | xmas10,False,True,No difference above 1e-7,Improved,,-497,-507
xmas10-2,original112,open,-497,-515,0.0349514563106796116504854368932038834951456311,-497,0,-515.926191,0.926191,False,Historical evidence grade; see instance report,511 cells official; 515 study solver,Best known path reproduced; extensive cell-projection/LNS search; global optimum open,,,,https://github.com/Huangyc98/MIPLIB_openproblem/blob/organize/complete-results-20260921/instances/xmas10-2/README.md,=best=     xmas10-2                                 -497,213 | 36000.0 2584602 stop ok c959979a | -467 -515.926191 9.5 | xmas10-2,False,True,No difference above 1e-7,Improved,,-497,-515
z26,original112,open,-1198,-1646,0.272174969623329283110571081409477521263669502,-1198.0,0,-1273.9627,-372.0373,False,Historical evidence grade; see instance report,"-1,646 (strict)",Exact MPS-to-MIS interval; global optimum open,,,,https://github.com/Huangyc98/MIPLIB_openproblem/blob/organize/complete-results-20260921/instances/z26/README.md,=best=     z26                                      -1198.0,215 | 36000.0 544 stop ok 348f3593 | -1131 -1273.9627 11.2 | z26,False,False,No difference above 1e-7,Below historical COPT bound,,-1198,-1646
zeil,subsequent20,open,1081.3584999996644,833.8312541332446,0.228903962808353215117760190851594101604648038,1081.358500000008,3.436E-10,834.502247,-0.6709928667554,False,Historical evidence grade; see instance report,general skill Gurobi,historically accepted numerical witness; not uniformly revalidated; exact w projection with support cuts,,,,https://github.com/Huangyc98/MIPLIB_openproblem/blob/organize/complete-results-20260921/skills-research/comparisons/per_instance_comparison.csv,=best=     zeil                                     1081.358500000008,216 | 36000.0 862 stop ok 4e5ce3a5 | 1363.5585 834.502247 38.8 | zeil,False,False,No difference above 1e-7,Below historical COPT bound,,1081.3584999996644,833.8312541332446
